dataset,record_id,field,source_type,source_url_or_command,captured_at,confidence,note
campuses.v1.json,guangzhou_south,canonical_name,official_web,https://www.sysu.edu.cn/xxg/zdxq.htm,2026-08-11,partial,官方名称/地址与系统校区枚举交叉核验。
campuses.v1.json,guangzhou_south,canonical_name,sysu_anything_cli,sysu-anything usc classroom campuses --json,2026-08-11,partial,官方名称/地址与系统校区枚举交叉核验。
campuses.v1.json,guangzhou_south,canonical_name,sysu_anything_cli,sysu-anything usc meeting campuses --json,2026-08-11,partial,官方名称/地址与系统校区枚举交叉核验。
campuses.v1.json,guangzhou_south,official_address,official_web,https://www.sysu.edu.cn/xxg/zdxq.htm,2026-08-11,partial,官方名称/地址与系统校区枚举交叉核验。
campuses.v1.json,guangzhou_south,official_address,sysu_anything_cli,sysu-anything usc classroom campuses --json,2026-08-11,partial,官方名称/地址与系统校区枚举交叉核验。
campuses.v1.json,guangzhou_south,official_address,sysu_anything_cli,sysu-anything usc meeting campuses --json,2026-08-11,partial,官方名称/地址与系统校区枚举交叉核验。
campuses.v1.json,guangzhou_north,canonical_name,official_web,https://www.sysu.edu.cn/xxg/zdxq.htm,2026-08-11,partial,官方名称/地址与系统校区枚举交叉核验。
campuses.v1.json,guangzhou_north,canonical_name,sysu_anything_cli,sysu-anything usc classroom campuses --json,2026-08-11,partial,官方名称/地址与系统校区枚举交叉核验。
campuses.v1.json,guangzhou_north,canonical_name,sysu_anything_cli,sysu-anything usc meeting campuses --json,2026-08-11,partial,官方名称/地址与系统校区枚举交叉核验。
campuses.v1.json,guangzhou_north,official_address,official_web,https://www.sysu.edu.cn/xxg/zdxq.htm,2026-08-11,partial,官方名称/地址与系统校区枚举交叉核验。
campuses.v1.json,guangzhou_north,official_address,sysu_anything_cli,sysu-anything usc classroom campuses --json,2026-08-11,partial,官方名称/地址与系统校区枚举交叉核验。
campuses.v1.json,guangzhou_north,official_address,sysu_anything_cli,sysu-anything usc meeting campuses --json,2026-08-11,partial,官方名称/地址与系统校区枚举交叉核验。
campuses.v1.json,guangzhou_east,canonical_name,official_web,https://www.sysu.edu.cn/xxg/zdxq.htm,2026-08-11,partial,官方名称/地址与系统校区枚举交叉核验。
campuses.v1.json,guangzhou_east,canonical_name,sysu_anything_cli,sysu-anything usc classroom campuses --json,2026-08-11,partial,官方名称/地址与系统校区枚举交叉核验。
campuses.v1.json,guangzhou_east,canonical_name,sysu_anything_cli,sysu-anything usc meeting campuses --json,2026-08-11,partial,官方名称/地址与系统校区枚举交叉核验。
campuses.v1.json,guangzhou_east,official_address,official_web,https://www.sysu.edu.cn/xxg/zdxq.htm,2026-08-11,partial,官方名称/地址与系统校区枚举交叉核验。
campuses.v1.json,guangzhou_east,official_address,sysu_anything_cli,sysu-anything usc classroom campuses --json,2026-08-11,partial,官方名称/地址与系统校区枚举交叉核验。
campuses.v1.json,guangzhou_east,official_address,sysu_anything_cli,sysu-anything usc meeting campuses --json,2026-08-11,partial,官方名称/地址与系统校区枚举交叉核验。
campuses.v1.json,zhuhai,canonical_name,official_web,https://www.sysu.edu.cn/xxg/zdxq.htm,2026-08-11,partial,官方名称/地址与系统校区枚举交叉核验。
campuses.v1.json,zhuhai,canonical_name,sysu_anything_cli,sysu-anything usc classroom campuses --json,2026-08-11,partial,官方名称/地址与系统校区枚举交叉核验。
campuses.v1.json,zhuhai,canonical_name,sysu_anything_cli,sysu-anything usc meeting campuses --json,2026-08-11,partial,官方名称/地址与系统校区枚举交叉核验。
campuses.v1.json,zhuhai,canonical_name,sysu_anything_cli,sysu-anything qg list --today --all --json,2026-08-11,partial,官方名称/地址与系统校区枚举交叉核验。
campuses.v1.json,zhuhai,official_address,official_web,https://www.sysu.edu.cn/xxg/zdxq.htm,2026-08-11,partial,官方名称/地址与系统校区枚举交叉核验。
campuses.v1.json,zhuhai,official_address,sysu_anything_cli,sysu-anything usc classroom campuses --json,2026-08-11,partial,官方名称/地址与系统校区枚举交叉核验。
campuses.v1.json,zhuhai,official_address,sysu_anything_cli,sysu-anything usc meeting campuses --json,2026-08-11,partial,官方名称/地址与系统校区枚举交叉核验。
campuses.v1.json,zhuhai,official_address,sysu_anything_cli,sysu-anything qg list --today --all --json,2026-08-11,partial,官方名称/地址与系统校区枚举交叉核验。
campuses.v1.json,shenzhen,canonical_name,official_web,https://www.sysu.edu.cn/xxg/zdxq.htm,2026-08-11,partial,官方名称/地址与系统校区枚举交叉核验。
campuses.v1.json,shenzhen,canonical_name,sysu_anything_cli,sysu-anything usc classroom campuses --json,2026-08-11,partial,官方名称/地址与系统校区枚举交叉核验。
campuses.v1.json,shenzhen,canonical_name,sysu_anything_cli,sysu-anything usc meeting campuses --json,2026-08-11,partial,官方名称/地址与系统校区枚举交叉核验。
campuses.v1.json,shenzhen,official_address,official_web,https://www.sysu.edu.cn/xxg/zdxq.htm,2026-08-11,partial,官方名称/地址与系统校区枚举交叉核验。
campuses.v1.json,shenzhen,official_address,sysu_anything_cli,sysu-anything usc classroom campuses --json,2026-08-11,partial,官方名称/地址与系统校区枚举交叉核验。
campuses.v1.json,shenzhen,official_address,sysu_anything_cli,sysu-anything usc meeting campuses --json,2026-08-11,partial,官方名称/地址与系统校区枚举交叉核验。
places.v1.json,south_gate,canonical_name/location_text,official_web,https://www.sysu.edu.cn/images/map-south-2024-10.jpg,2026-08-11,verified,
places.v1.json,south_gate,canonical_name/location_text,official_web,https://www.sysu.edu.cn/xxg/zdxq.htm,2026-08-11,verified,
places.v1.json,north_gate,canonical_name/location_text,official_web,https://www.sysu.edu.cn/images/map-south-2024-10.jpg,2026-08-11,verified,
places.v1.json,north_gate,canonical_name/location_text,official_web,https://www.sysu.edu.cn/xxg/zdxq.htm,2026-08-11,verified,
places.v1.json,east_gate,canonical_name/location_text,official_web,https://www.sysu.edu.cn/images/map-south-2024-10.jpg,2026-08-11,verified,
places.v1.json,east_gate,canonical_name/location_text,official_web,https://www.sysu.edu.cn/xxg/zdxq.htm,2026-08-11,verified,
places.v1.json,west_gate,canonical_name/location_text,official_web,https://www.sysu.edu.cn/images/map-south-2024-10.jpg,2026-08-11,verified,
places.v1.json,west_gate,canonical_name/location_text,official_web,https://www.sysu.edu.cn/xxg/zdxq.htm,2026-08-11,verified,
places.v1.json,south_qg_stop,canonical_name/location_text,sysu_anything_cli,sysu-anything qg list --today --all --json,2026-08-11,verified,
places.v1.json,south_qg_stop,canonical_name/location_text,sysu_anything_cli,sysu-anything qg routes,2026-08-11,verified,
places.v1.json,south_bus_south_gate_parking,canonical_name/location_text,sysu_anything_cli,sysu-anything bus --bus 1 --json,2026-08-11,verified,
places.v1.json,south_bus_south_gate_parking,canonical_name/location_text,sysu_anything_cli,sysu-anything bus --bus 0 --json,2026-08-11,verified,
places.v1.json,south_bus_south_gate_parking,canonical_name/location_text,official_web,https://zwc.sysu.edu.cn/article/495,2026-08-11,verified,
places.v1.json,south_bus_new_gym_west_gate,canonical_name/location_text,official_web,https://zwc.sysu.edu.cn/article/495,2026-08-11,partial,
places.v1.json,north_bus_south_gate_carhouse,canonical_name/location_text,sysu_anything_cli,sysu-anything bus --bus 1 --json,2026-08-11,verified,
places.v1.json,north_bus_south_gate_carhouse,canonical_name/location_text,sysu_anything_cli,sysu-anything bus --bus 0 --json,2026-08-11,verified,
places.v1.json,east_bus_lanyuan3,canonical_name/location_text,sysu_anything_cli,sysu-anything bus --bus 1 --json,2026-08-11,verified,
places.v1.json,east_bus_lanyuan3,canonical_name/location_text,sysu_anything_cli,sysu-anything bus --bus 0 --json,2026-08-11,verified,
places.v1.json,east_bus_teaching_a_north,canonical_name/location_text,sysu_anything_cli,sysu-anything bus --bus 1 --json,2026-08-11,verified,
places.v1.json,east_bus_teaching_a_north,canonical_name/location_text,sysu_anything_cli,sysu-anything bus --bus 0 --json,2026-08-11,verified,
places.v1.json,east_bus_admin_bridge,canonical_name/location_text,sysu_anything_cli,sysu-anything bus --bus 1 --json,2026-08-11,verified,
places.v1.json,east_bus_admin_bridge,canonical_name/location_text,sysu_anything_cli,sysu-anything bus --bus 0 --json,2026-08-11,verified,
places.v1.json,east_bus_yingyuan1,canonical_name/location_text,sysu_anything_cli,sysu-anything bus --bus 1 --json,2026-08-11,verified,
places.v1.json,east_bus_yingyuan1,canonical_name/location_text,sysu_anything_cli,sysu-anything bus --bus 0 --json,2026-08-11,verified,
places.v1.json,east_bus_yingyuan3,canonical_name/location_text,sysu_anything_cli,sysu-anything bus --bus 1 --json,2026-08-11,verified,
places.v1.json,east_bus_yingyuan3,canonical_name/location_text,sysu_anything_cli,sysu-anything bus --bus 0 --json,2026-08-11,verified,
places.v1.json,east_bus_staff_apartment,canonical_name/location_text,sysu_anything_cli,sysu-anything bus --bus 1 --json,2026-08-11,verified,
places.v1.json,east_bus_staff_apartment,canonical_name/location_text,sysu_anything_cli,sysu-anything bus --bus 0 --json,2026-08-11,verified,
places.v1.json,east_bus_chem_material,canonical_name/location_text,sysu_anything_cli,sysu-anything bus --bus 1 --json,2026-08-11,verified,
places.v1.json,east_bus_chem_material,canonical_name/location_text,sysu_anything_cli,sysu-anything bus --bus 0 --json,2026-08-11,verified,
places.v1.json,teaching_1,canonical_name/location_text,official_web,https://jwb.sysu.edu.cn/lx/department,2026-08-11,verified,
places.v1.json,teaching_1,canonical_name/location_text,official_web,https://www.sysu.edu.cn/images/map-south-2024-10.jpg,2026-08-11,verified,
places.v1.json,teaching_1,canonical_name/location_text,official_web,https://zwc.sysu.edu.cn/article/647,2026-08-11,verified,
places.v1.json,teaching_2,canonical_name/location_text,official_web,https://jwb.sysu.edu.cn/lx/department,2026-08-11,verified,
places.v1.json,teaching_2,canonical_name/location_text,official_web,https://zwc.sysu.edu.cn/sites/default/files/2026-01/%E9%99%84%E4%BB%B61.%E4%B8%AD%E5%B1%B1%E5%A4%A7%E5%AD%A6%E5%85%AC%E5%85%B1%E7%94%A8%E6%88%BF%E5%85%B1%E4%BA%AB%E5%85%B1%E7%94%A8%E6%94%B6%E8%B4%B9%E4%BF%A1%E6%81%AF%E6%B1%87%E6%80%BB%E8%A1%A8.pdf,2026-08-11,verified,
places.v1.json,teaching_2,canonical_name/location_text,official_web,https://www.sysu.edu.cn/images/map-south-2024-10.jpg,2026-08-11,verified,
places.v1.json,teaching_3,canonical_name/location_text,official_web,https://jwb.sysu.edu.cn/lx/department,2026-08-11,verified,
places.v1.json,teaching_3,canonical_name/location_text,official_web,https://sbc.sysu.edu.cn/article/885,2026-08-11,verified,
places.v1.json,teaching_3,canonical_name/location_text,official_web,https://www.sysu.edu.cn/images/map-south-2024-10.jpg,2026-08-11,verified,
places.v1.json,teaching_4,canonical_name/location_text,official_web,https://jwb.sysu.edu.cn/lx/department,2026-08-11,verified,
places.v1.json,teaching_4,canonical_name/location_text,official_web,https://www.sysu.edu.cn/images/map-south-2024-10.jpg,2026-08-11,verified,
places.v1.json,teaching_5,canonical_name/location_text,official_web,https://jwb.sysu.edu.cn/lx/department,2026-08-11,verified,
places.v1.json,teaching_5,canonical_name/location_text,official_web,https://zwc.sysu.edu.cn/article/920,2026-08-11,verified,
places.v1.json,teaching_5,canonical_name/location_text,official_web,https://www.sysu.edu.cn/images/map-south-2024-10.jpg,2026-08-11,verified,
places.v1.json,teaching_6,canonical_name/location_text,official_web,https://jwb.sysu.edu.cn/lx/department,2026-08-11,verified,
places.v1.json,teaching_6,canonical_name/location_text,official_web,https://cse.sysu.edu.cn/article/3576,2026-08-11,verified,
places.v1.json,teaching_6,canonical_name/location_text,official_web,https://www.sysu.edu.cn/images/map-south-2024-10.jpg,2026-08-11,verified,
places.v1.json,liberal_arts_building,canonical_name/location_text,official_web,https://zwc.sysu.edu.cn/sites/default/files/2026-01/%E9%99%84%E4%BB%B61.%E4%B8%AD%E5%B1%B1%E5%A4%A7%E5%AD%A6%E5%85%AC%E5%85%B1%E7%94%A8%E6%88%BF%E5%85%B1%E4%BA%AB%E5%85%B1%E7%94%A8%E6%94%B6%E8%B4%B9%E4%BF%A1%E6%81%AF%E6%B1%87%E6%80%BB%E8%A1%A8.pdf,2026-08-11,verified,
places.v1.json,liberal_arts_building,canonical_name/location_text,official_web,https://www.sysu.edu.cn/images/map-south-2024-10.jpg,2026-08-11,verified,
places.v1.json,chinese_hall,canonical_name/location_text,official_web,https://zwc.sysu.edu.cn/sites/default/files/2026-01/%E9%99%84%E4%BB%B61.%E4%B8%AD%E5%B1%B1%E5%A4%A7%E5%AD%A6%E5%85%AC%E5%85%B1%E7%94%A8%E6%88%BF%E5%85%B1%E4%BA%AB%E5%85%B1%E7%94%A8%E6%94%B6%E8%B4%B9%E4%BF%A1%E6%81%AF%E6%B1%87%E6%80%BB%E8%A1%A8.pdf,2026-08-11,verified,
places.v1.json,chinese_hall,canonical_name/location_text,official_web,https://www.sysu.edu.cn/images/map-south-2024-10.jpg,2026-08-11,verified,
places.v1.json,foreign_language_building,canonical_name/location_text,official_web,https://zwc.sysu.edu.cn/sites/default/files/2026-01/%E9%99%84%E4%BB%B61.%E4%B8%AD%E5%B1%B1%E5%A4%A7%E5%AD%A6%E5%85%AC%E5%85%B1%E7%94%A8%E6%88%BF%E5%85%B1%E4%BA%AB%E5%85%B1%E7%94%A8%E6%94%B6%E8%B4%B9%E4%BF%A1%E6%81%AF%E6%B1%87%E6%80%BB%E8%A1%A8.pdf,2026-08-11,verified,
places.v1.json,foreign_language_building,canonical_name/location_text,official_web,https://www.sysu.edu.cn/images/map-south-2024-10.jpg,2026-08-11,verified,
places.v1.json,south_library,canonical_name/location_text,official_web,https://library.sysu.edu.cn/campus-library-1,2026-08-11,verified,
places.v1.json,south_library,canonical_name/location_text,official_web,https://library.sysu.edu.cn/basic/3728,2026-08-11,verified,
places.v1.json,south_library,canonical_name/location_text,official_web,https://www.sysu.edu.cn/images/map-south-2024-10.jpg,2026-08-11,verified,
places.v1.json,canteen_zijing,canonical_name/location_text,official_web,https://www.sysu.edu.cn/info/1171/1611.htm,2026-08-11,verified,
places.v1.json,canteen_kangle,canonical_name/location_text,official_web,https://www.sysu.edu.cn/info/1171/1611.htm,2026-08-11,verified,
places.v1.json,canteen_student_1,canonical_name/location_text,official_web,https://www.sysu.edu.cn/info/1171/1611.htm,2026-08-11,verified,
places.v1.json,canteen_student_5,canonical_name/location_text,official_web,https://www.sysu.edu.cn/info/1171/1611.htm,2026-08-11,verified,
places.v1.json,canteen_wuyue,canonical_name/location_text,official_web,https://www.sysu.edu.cn/info/1171/1611.htm,2026-08-11,verified,
places.v1.json,canteen_chunhui,canonical_name/location_text,official_web,https://www.sysu.edu.cn/info/1171/1611.htm,2026-08-11,partial,学校当前餐饮页面仍列示；历史通知曾出现阶段性调整，营业状态需按当前现场/页面复核。
places.v1.json,canteen_staff_puyuan,canonical_name/location_text,official_web,https://www.sysu.edu.cn/info/1171/1611.htm,2026-08-11,verified,
places.v1.json,canteen_south_lawn,canonical_name/location_text,official_web,https://www.sysu.edu.cn/info/1171/1611.htm,2026-08-11,verified,
places.v1.json,canteen_northwest_flavor,canonical_name/location_text,official_web,https://www.sysu.edu.cn/info/1171/1611.htm,2026-08-11,verified,
places.v1.json,canteen_xuerenguan_west,canonical_name/location_text,official_web,https://www.sysu.edu.cn/info/1171/1611.htm,2026-08-11,verified,
places.v1.json,canteen_xuerenguan_chinese,canonical_name/location_text,official_web,https://www.sysu.edu.cn/info/1171/1611.htm,2026-08-11,verified,
places.v1.json,canteen_shuizhuyuxiang,canonical_name/location_text,official_web,https://www.sysu.edu.cn/info/1171/1611.htm,2026-08-11,verified,
places.v1.json,yingdong_sports_center,canonical_name/location_text,official_web,https://tiyu.sysu.edu.cn/about/history,2026-08-11,verified,
places.v1.json,yingdong_sports_center,canonical_name/location_text,official_web,https://ce.sysu.edu.cn/zh-hans/article/1215,2026-08-11,verified,
places.v1.json,yingdong_gymnasium,canonical_name/location_text,official_web,https://tiyu.sysu.edu.cn/about/history,2026-08-11,verified,
places.v1.json,yingdong_gymnasium,canonical_name/location_text,official_web,https://ce.sysu.edu.cn/zh-hans/article/1215,2026-08-11,verified,
places.v1.json,yingdong_gymnasium,canonical_name/location_text,official_web,https://tiyu.sysu.edu.cn/node/1935,2026-08-11,verified,
places.v1.json,yingdong_track,canonical_name/location_text,official_web,https://tiyu.sysu.edu.cn/about/history,2026-08-11,verified,
places.v1.json,yingdong_track,canonical_name/location_text,official_web,https://ce.sysu.edu.cn/zh-hans/article/1215,2026-08-11,verified,
places.v1.json,yingdong_track,canonical_name/location_text,official_web,https://tiyu.sysu.edu.cn/node/1843,2026-08-11,verified,
places.v1.json,yingdong_tennis,canonical_name/location_text,official_web,https://tiyu.sysu.edu.cn/about/history,2026-08-11,verified,
places.v1.json,yingdong_tennis,canonical_name/location_text,official_web,https://ce.sysu.edu.cn/zh-hans/article/1215,2026-08-11,verified,
places.v1.json,yingdong_ball_courts,canonical_name/location_text,official_web,https://tiyu.sysu.edu.cn/about/history,2026-08-11,verified,
places.v1.json,yingdong_ball_courts,canonical_name/location_text,official_web,https://ce.sysu.edu.cn/zh-hans/article/1215,2026-08-11,verified,
places.v1.json,yingdong_pool,canonical_name/location_text,official_web,https://tiyu.sysu.edu.cn/about/history,2026-08-11,verified,
places.v1.json,yingdong_pool,canonical_name/location_text,official_web,https://ce.sysu.edu.cn/zh-hans/article/1215,2026-08-11,verified,
places.v1.json,yingdong_pool,canonical_name/location_text,official_web,https://tiyu.sysu.edu.cn/node/1927,2026-08-11,verified,
places.v1.json,south_new_gym,canonical_name/location_text,official_web,https://tiyu.sysu.edu.cn/node/1927,2026-08-11,partial,
places.v1.json,south_new_gym,canonical_name/location_text,official_web,https://edf-edaao.sysu.edu.cn/article/489,2026-08-11,partial,
places.v1.json,xiongdellong_center,canonical_name/location_text,official_web,https://xsc.sysu.edu.cn/article/282,2026-08-11,verified,
places.v1.json,xiongdellong_center,canonical_name/location_text,official_web,https://arts.sysu.edu.cn/article/556,2026-08-11,verified,
places.v1.json,xiongdellong_center,canonical_name/location_text,official_web,https://zwc.sysu.edu.cn/sites/default/files/2026-01/%E9%99%84%E4%BB%B61.%E4%B8%AD%E5%B1%B1%E5%A4%A7%E5%AD%A6%E5%85%AC%E5%85%B1%E7%94%A8%E6%88%BF%E5%85%B1%E4%BA%AB%E5%85%B1%E7%94%A8%E6%94%B6%E8%B4%B9%E4%BF%A1%E6%81%AF%E6%B1%87%E6%80%BB%E8%A1%A8.pdf,2026-08-11,verified,
places.v1.json,yifu_art_center,canonical_name/location_text,official_web,https://www.sysu.edu.cn/info/1171/1611.htm,2026-08-11,verified,
places.v1.json,yifu_art_center,canonical_name/location_text,official_web,https://www.sysu.edu.cn/images/map-south-2024-10.jpg,2026-08-11,verified,
places.v1.json,museum,canonical_name/location_text,official_web,https://bwgxsg.sysu.edu.cn/zh-hans/service/open-guide,2026-08-11,verified,
places.v1.json,museum,canonical_name/location_text,official_web,https://www.sysu.edu.cn/images/map-south-2024-10.jpg,2026-08-11,verified,
places.v1.json,school_history_museum,canonical_name/location_text,official_web,https://bwgxsg.sysu.edu.cn/zh-hans/service/open-guide,2026-08-11,verified,
places.v1.json,school_history_museum,canonical_name/location_text,official_web,https://www.sysu.edu.cn/images/map-south-2024-10.jpg,2026-08-11,verified,
places.v1.json,biology_museum,canonical_name/location_text,official_web,https://bwgxsg.sysu.edu.cn/zh-hans/service/open-guide,2026-08-11,verified,
places.v1.json,biology_museum,canonical_name/location_text,official_web,https://www.sysu.edu.cn/images/map-south-2024-10.jpg,2026-08-11,verified,
places.v1.json,sun_yat_sen_memorial,canonical_name/location_text,official_web,https://bwgxsg.sysu.edu.cn/zh-hans/service/open-guide,2026-08-11,verified,
places.v1.json,sun_yat_sen_memorial,canonical_name/location_text,official_web,https://www.sysu.edu.cn/images/map-south-2024-10.jpg,2026-08-11,verified,
places.v1.json,chen_yinke_home,canonical_name/location_text,official_web,https://bwgxsg.sysu.edu.cn/zh-hans/service/open-guide,2026-08-11,verified,
places.v1.json,chen_yinke_home,canonical_name/location_text,official_web,https://www.sysu.edu.cn/images/map-south-2024-10.jpg,2026-08-11,verified,
places.v1.json,chen_xintao_home,canonical_name/location_text,official_web,https://bwgxsg.sysu.edu.cn/zh-hans/service/open-guide,2026-08-11,verified,
places.v1.json,chen_xintao_home,canonical_name/location_text,official_web,https://www.sysu.edu.cn/images/map-south-2024-10.jpg,2026-08-11,verified,
places.v1.json,south_lawn,canonical_name/location_text,official_web,https://www.sysu.edu.cn/images/map-south-2024-10.jpg,2026-08-11,verified,
places.v1.json,south_lawn,canonical_name/location_text,official_web,https://www.sysu.edu.cn/info/1171/1611.htm,2026-08-11,verified,
places.v1.json,songtao_garden,canonical_name/location_text,official_web,https://www.sysu.edu.cn/images/map-south-2024-10.jpg,2026-08-11,verified,
places.v1.json,north_gate_square,canonical_name/location_text,official_web,https://www.sysu.edu.cn/images/map-south-2024-10.jpg,2026-08-11,verified,
places.v1.json,north_gate_square,canonical_name/location_text,sysu_anything_cli,sysu-anything bus --bus 1 --json,2026-08-11,verified,
places.v1.json,huishitang,canonical_name/location_text,official_web,https://zwc.sysu.edu.cn/sites/default/files/2026-01/%E9%99%84%E4%BB%B61.%E4%B8%AD%E5%B1%B1%E5%A4%A7%E5%AD%A6%E5%85%AC%E5%85%B1%E7%94%A8%E6%88%BF%E5%85%B1%E4%BA%AB%E5%85%B1%E7%94%A8%E6%94%B6%E8%B4%B9%E4%BF%A1%E6%81%AF%E6%B1%87%E6%80%BB%E8%A1%A8.pdf,2026-08-11,verified,
places.v1.json,huishitang,canonical_name/location_text,official_web,https://www.sysu.edu.cn/images/map-south-2024-10.jpg,2026-08-11,verified,
places.v1.json,liangqiujutang,canonical_name/location_text,official_web,https://zwc.sysu.edu.cn/sites/default/files/2026-01/%E9%99%84%E4%BB%B61.%E4%B8%AD%E5%B1%B1%E5%A4%A7%E5%AD%A6%E5%85%AC%E5%85%B1%E7%94%A8%E6%88%BF%E5%85%B1%E4%BA%AB%E5%85%B1%E7%94%A8%E6%94%B6%E8%B4%B9%E4%BF%A1%E6%81%AF%E6%B1%87%E6%80%BB%E8%A1%A8.pdf,2026-08-11,verified,
places.v1.json,liangqiujutang,canonical_name/location_text,official_web,https://www.sysu.edu.cn/images/map-south-2024-10.jpg,2026-08-11,verified,
places.v1.json,fulantang,canonical_name/location_text,official_web,https://zwc.sysu.edu.cn/sites/default/files/2026-01/%E9%99%84%E4%BB%B61.%E4%B8%AD%E5%B1%B1%E5%A4%A7%E5%AD%A6%E5%85%AC%E5%85%B1%E7%94%A8%E6%88%BF%E5%85%B1%E4%BA%AB%E5%85%B1%E7%94%A8%E6%94%B6%E8%B4%B9%E4%BF%A1%E6%81%AF%E6%B1%87%E6%80%BB%E8%A1%A8.pdf,2026-08-11,verified,
places.v1.json,fulantang,canonical_name/location_text,official_web,https://www.sysu.edu.cn/images/map-south-2024-10.jpg,2026-08-11,verified,
places.v1.json,xianweijiantang,canonical_name/location_text,official_web,https://zwc.sysu.edu.cn/sites/default/files/2026-01/%E9%99%84%E4%BB%B61.%E4%B8%AD%E5%B1%B1%E5%A4%A7%E5%AD%A6%E5%85%AC%E5%85%B1%E7%94%A8%E6%88%BF%E5%85%B1%E4%BA%AB%E5%85%B1%E7%94%A8%E6%94%B6%E8%B4%B9%E4%BF%A1%E6%81%AF%E6%B1%87%E6%80%BB%E8%A1%A8.pdf,2026-08-11,verified,
places.v1.json,xianweijiantang,canonical_name/location_text,official_web,https://www.sysu.edu.cn/images/map-south-2024-10.jpg,2026-08-11,verified,
places.v1.json,yebaodingtang,canonical_name/location_text,official_web,https://zwc.sysu.edu.cn/sites/default/files/2026-01/%E9%99%84%E4%BB%B61.%E4%B8%AD%E5%B1%B1%E5%A4%A7%E5%AD%A6%E5%85%AC%E5%85%B1%E7%94%A8%E6%88%BF%E5%85%B1%E4%BA%AB%E5%85%B1%E7%94%A8%E6%94%B6%E8%B4%B9%E4%BF%A1%E6%81%AF%E6%B1%87%E6%80%BB%E8%A1%A8.pdf,2026-08-11,verified,
places.v1.json,yebaodingtang,canonical_name/location_text,official_web,https://www.sysu.edu.cn/images/map-south-2024-10.jpg,2026-08-11,verified,
places.v1.json,lingnantang,canonical_name/location_text,official_web,https://zwc.sysu.edu.cn/sites/default/files/2026-01/%E9%99%84%E4%BB%B61.%E4%B8%AD%E5%B1%B1%E5%A4%A7%E5%AD%A6%E5%85%AC%E5%85%B1%E7%94%A8%E6%88%BF%E5%85%B1%E4%BA%AB%E5%85%B1%E7%94%A8%E6%94%B6%E8%B4%B9%E4%BF%A1%E6%81%AF%E6%B1%87%E6%80%BB%E8%A1%A8.pdf,2026-08-11,verified,
places.v1.json,lingnantang,canonical_name/location_text,official_web,https://www.sysu.edu.cn/images/map-south-2024-10.jpg,2026-08-11,verified,
places.v1.json,mba_building,canonical_name/location_text,official_web,https://zwc.sysu.edu.cn/sites/default/files/2026-01/%E9%99%84%E4%BB%B61.%E4%B8%AD%E5%B1%B1%E5%A4%A7%E5%AD%A6%E5%85%AC%E5%85%B1%E7%94%A8%E6%88%BF%E5%85%B1%E4%BA%AB%E5%85%B1%E7%94%A8%E6%94%B6%E8%B4%B9%E4%BF%A1%E6%81%AF%E6%B1%87%E6%80%BB%E8%A1%A8.pdf,2026-08-11,verified,
places.v1.json,mba_building,canonical_name/location_text,official_web,https://www.sysu.edu.cn/images/map-south-2024-10.jpg,2026-08-11,verified,
places.v1.json,math_building,canonical_name/location_text,official_web,https://zwc.sysu.edu.cn/sites/default/files/2026-01/%E9%99%84%E4%BB%B61.%E4%B8%AD%E5%B1%B1%E5%A4%A7%E5%AD%A6%E5%85%AC%E5%85%B1%E7%94%A8%E6%88%BF%E5%85%B1%E4%BA%AB%E5%85%B1%E7%94%A8%E6%94%B6%E8%B4%B9%E4%BF%A1%E6%81%AF%E6%B1%87%E6%80%BB%E8%A1%A8.pdf,2026-08-11,verified,
places.v1.json,math_building,canonical_name/location_text,official_web,https://www.sysu.edu.cn/images/map-south-2024-10.jpg,2026-08-11,verified,
places.v1.json,zhenhuantang,canonical_name/location_text,official_web,https://zwc.sysu.edu.cn/sites/default/files/2026-01/%E9%99%84%E4%BB%B61.%E4%B8%AD%E5%B1%B1%E5%A4%A7%E5%AD%A6%E5%85%AC%E5%85%B1%E7%94%A8%E6%88%BF%E5%85%B1%E4%BA%AB%E5%85%B1%E7%94%A8%E6%94%B6%E8%B4%B9%E4%BF%A1%E6%81%AF%E6%B1%87%E6%80%BB%E8%A1%A8.pdf,2026-08-11,verified,
places.v1.json,zhenhuantang,canonical_name/location_text,official_web,https://www.sysu.edu.cn/images/map-south-2024-10.jpg,2026-08-11,verified,
places.v1.json,arts_building,canonical_name/location_text,official_web,https://zwc.sysu.edu.cn/sites/default/files/2026-01/%E9%99%84%E4%BB%B61.%E4%B8%AD%E5%B1%B1%E5%A4%A7%E5%AD%A6%E5%85%AC%E5%85%B1%E7%94%A8%E6%88%BF%E5%85%B1%E4%BA%AB%E5%85%B1%E7%94%A8%E6%94%B6%E8%B4%B9%E4%BF%A1%E6%81%AF%E6%B1%87%E6%80%BB%E8%A1%A8.pdf,2026-08-11,verified,
places.v1.json,arts_building,canonical_name/location_text,official_web,https://www.sysu.edu.cn/images/map-south-2024-10.jpg,2026-08-11,verified,
places.v1.json,yongfangtang,canonical_name/location_text,official_web,https://zwc.sysu.edu.cn/sites/default/files/2026-01/%E9%99%84%E4%BB%B61.%E4%B8%AD%E5%B1%B1%E5%A4%A7%E5%AD%A6%E5%85%AC%E5%85%B1%E7%94%A8%E6%88%BF%E5%85%B1%E4%BA%AB%E5%85%B1%E7%94%A8%E6%94%B6%E8%B4%B9%E4%BF%A1%E6%81%AF%E6%B1%87%E6%80%BB%E8%A1%A8.pdf,2026-08-11,verified,
places.v1.json,yongfangtang,canonical_name/location_text,official_web,https://www.sysu.edu.cn/images/map-south-2024-10.jpg,2026-08-11,verified,
places.v1.json,life_science_1,canonical_name/location_text,official_web,https://zwc.sysu.edu.cn/sites/default/files/2026-01/%E9%99%84%E4%BB%B61.%E4%B8%AD%E5%B1%B1%E5%A4%A7%E5%AD%A6%E5%85%AC%E5%85%B1%E7%94%A8%E6%88%BF%E5%85%B1%E4%BA%AB%E5%85%B1%E7%94%A8%E6%94%B6%E8%B4%B9%E4%BF%A1%E6%81%AF%E6%B1%87%E6%80%BB%E8%A1%A8.pdf,2026-08-11,verified,
places.v1.json,life_science_1,canonical_name/location_text,official_web,https://www.sysu.edu.cn/images/map-south-2024-10.jpg,2026-08-11,verified,
places.v1.json,life_science_2,canonical_name/location_text,official_web,https://zwc.sysu.edu.cn/sites/default/files/2026-01/%E9%99%84%E4%BB%B61.%E4%B8%AD%E5%B1%B1%E5%A4%A7%E5%AD%A6%E5%85%AC%E5%85%B1%E7%94%A8%E6%88%BF%E5%85%B1%E4%BA%AB%E5%85%B1%E7%94%A8%E6%94%B6%E8%B4%B9%E4%BF%A1%E6%81%AF%E6%B1%87%E6%80%BB%E8%A1%A8.pdf,2026-08-11,verified,
places.v1.json,life_science_2,canonical_name/location_text,official_web,https://www.sysu.edu.cn/images/map-south-2024-10.jpg,2026-08-11,verified,
places.v1.json,hedanqingtang,canonical_name/location_text,official_web,https://zwc.sysu.edu.cn/sites/default/files/2026-01/%E9%99%84%E4%BB%B61.%E4%B8%AD%E5%B1%B1%E5%A4%A7%E5%AD%A6%E5%85%AC%E5%85%B1%E7%94%A8%E6%88%BF%E5%85%B1%E4%BA%AB%E5%85%B1%E7%94%A8%E6%94%B6%E8%B4%B9%E4%BF%A1%E6%81%AF%E6%B1%87%E6%80%BB%E8%A1%A8.pdf,2026-08-11,verified,
places.v1.json,hedanqingtang,canonical_name/location_text,official_web,https://www.sysu.edu.cn/images/map-south-2024-10.jpg,2026-08-11,verified,
places.v1.json,shansitang,canonical_name/location_text,official_web,https://zwc.sysu.edu.cn/sites/default/files/2026-01/%E9%99%84%E4%BB%B61.%E4%B8%AD%E5%B1%B1%E5%A4%A7%E5%AD%A6%E5%85%AC%E5%85%B1%E7%94%A8%E6%88%BF%E5%85%B1%E4%BA%AB%E5%85%B1%E7%94%A8%E6%94%B6%E8%B4%B9%E4%BF%A1%E6%81%AF%E6%B1%87%E6%80%BB%E8%A1%A8.pdf,2026-08-11,verified,
places.v1.json,shansitang,canonical_name/location_text,official_web,https://www.sysu.edu.cn/images/map-south-2024-10.jpg,2026-08-11,verified,
places.v1.json,shanhengtang,canonical_name/location_text,official_web,https://zwc.sysu.edu.cn/sites/default/files/2026-01/%E9%99%84%E4%BB%B61.%E4%B8%AD%E5%B1%B1%E5%A4%A7%E5%AD%A6%E5%85%AC%E5%85%B1%E7%94%A8%E6%88%BF%E5%85%B1%E4%BA%AB%E5%85%B1%E7%94%A8%E6%94%B6%E8%B4%B9%E4%BF%A1%E6%81%AF%E6%B1%87%E6%80%BB%E8%A1%A8.pdf,2026-08-11,verified,
places.v1.json,shanhengtang,canonical_name/location_text,official_web,https://www.sysu.edu.cn/images/map-south-2024-10.jpg,2026-08-11,verified,
places.v1.json,xichang_tang,canonical_name/location_text,official_web,https://zwc.sysu.edu.cn/sites/default/files/2026-01/%E9%99%84%E4%BB%B61.%E4%B8%AD%E5%B1%B1%E5%A4%A7%E5%AD%A6%E5%85%AC%E5%85%B1%E7%94%A8%E6%88%BF%E5%85%B1%E4%BA%AB%E5%85%B1%E7%94%A8%E6%94%B6%E8%B4%B9%E4%BF%A1%E6%81%AF%E6%B1%87%E6%80%BB%E8%A1%A8.pdf,2026-08-11,verified,
places.v1.json,xichang_tang,canonical_name/location_text,official_web,https://www.sysu.edu.cn/images/map-south-2024-10.jpg,2026-08-11,verified,
places.v1.json,small_red_building,canonical_name/location_text,official_web,https://zwc.sysu.edu.cn/sites/default/files/2026-01/%E9%99%84%E4%BB%B61.%E4%B8%AD%E5%B1%B1%E5%A4%A7%E5%AD%A6%E5%85%AC%E5%85%B1%E7%94%A8%E6%88%BF%E5%85%B1%E4%BA%AB%E5%85%B1%E7%94%A8%E6%94%B6%E8%B4%B9%E4%BF%A1%E6%81%AF%E6%B1%87%E6%80%BB%E8%A1%A8.pdf,2026-08-11,verified,
places.v1.json,small_red_building,canonical_name/location_text,official_web,https://www.sysu.edu.cn/images/map-south-2024-10.jpg,2026-08-11,verified,
places.v1.json,alumni_hall,canonical_name/location_text,official_web,https://zwc.sysu.edu.cn/sites/default/files/2026-01/%E9%99%84%E4%BB%B61.%E4%B8%AD%E5%B1%B1%E5%A4%A7%E5%AD%A6%E5%85%AC%E5%85%B1%E7%94%A8%E6%88%BF%E5%85%B1%E4%BA%AB%E5%85%B1%E7%94%A8%E6%94%B6%E8%B4%B9%E4%BF%A1%E6%81%AF%E6%B1%87%E6%80%BB%E8%A1%A8.pdf,2026-08-11,verified,
places.v1.json,alumni_hall,canonical_name/location_text,official_web,https://www.sysu.edu.cn/images/map-south-2024-10.jpg,2026-08-11,verified,
places.v1.json,guest_reception_room,canonical_name/location_text,official_web,https://zwc.sysu.edu.cn/sites/default/files/2026-01/%E9%99%84%E4%BB%B61.%E4%B8%AD%E5%B1%B1%E5%A4%A7%E5%AD%A6%E5%85%AC%E5%85%B1%E7%94%A8%E6%88%BF%E5%85%B1%E4%BA%AB%E5%85%B1%E7%94%A8%E6%94%B6%E8%B4%B9%E4%BF%A1%E6%81%AF%E6%B1%87%E6%80%BB%E8%A1%A8.pdf,2026-08-11,verified,
places.v1.json,yongsheng_building,canonical_name/location_text,official_web,https://zwc.sysu.edu.cn/sites/default/files/2026-01/%E9%99%84%E4%BB%B61.%E4%B8%AD%E5%B1%B1%E5%A4%A7%E5%AD%A6%E5%85%AC%E5%85%B1%E7%94%A8%E6%88%BF%E5%85%B1%E4%BA%AB%E5%85%B1%E7%94%A8%E6%94%B6%E8%B4%B9%E4%BF%A1%E6%81%AF%E6%B1%87%E6%80%BB%E8%A1%A8.pdf,2026-08-11,verified,
places.v1.json,yongsheng_building,canonical_name/location_text,official_web,https://www.sysu.edu.cn/images/map-south-2024-10.jpg,2026-08-11,verified,
venues.v1.json,south_public_001,canonical_name/capacity,official_web,https://zwc.sysu.edu.cn/sites/default/files/2026-01/%E9%99%84%E4%BB%B61.%E4%B8%AD%E5%B1%B1%E5%A4%A7%E5%AD%A6%E5%85%AC%E5%85%B1%E7%94%A8%E6%88%BF%E5%85%B1%E4%BA%AB%E5%85%B1%E7%94%A8%E6%94%B6%E8%B4%B9%E4%BF%A1%E6%81%AF%E6%B1%87%E6%80%BB%E8%A1%A8.pdf,2026-08-11,verified,容量/名称取自2026年官方公共用房共享共用收费信息汇总表；不表示实时可用状态。
venues.v1.json,south_public_001,canonical_name/capacity,official_web,https://zwc.sysu.edu.cn/article/757,2026-08-11,verified,容量/名称取自2026年官方公共用房共享共用收费信息汇总表；不表示实时可用状态。
venues.v1.json,south_public_002,canonical_name/capacity,official_web,https://zwc.sysu.edu.cn/sites/default/files/2026-01/%E9%99%84%E4%BB%B61.%E4%B8%AD%E5%B1%B1%E5%A4%A7%E5%AD%A6%E5%85%AC%E5%85%B1%E7%94%A8%E6%88%BF%E5%85%B1%E4%BA%AB%E5%85%B1%E7%94%A8%E6%94%B6%E8%B4%B9%E4%BF%A1%E6%81%AF%E6%B1%87%E6%80%BB%E8%A1%A8.pdf,2026-08-11,verified,容量/名称取自2026年官方公共用房共享共用收费信息汇总表；不表示实时可用状态。
venues.v1.json,south_public_002,canonical_name/capacity,official_web,https://zwc.sysu.edu.cn/article/757,2026-08-11,verified,容量/名称取自2026年官方公共用房共享共用收费信息汇总表；不表示实时可用状态。
venues.v1.json,south_public_003,canonical_name/capacity,official_web,https://zwc.sysu.edu.cn/sites/default/files/2026-01/%E9%99%84%E4%BB%B61.%E4%B8%AD%E5%B1%B1%E5%A4%A7%E5%AD%A6%E5%85%AC%E5%85%B1%E7%94%A8%E6%88%BF%E5%85%B1%E4%BA%AB%E5%85%B1%E7%94%A8%E6%94%B6%E8%B4%B9%E4%BF%A1%E6%81%AF%E6%B1%87%E6%80%BB%E8%A1%A8.pdf,2026-08-11,verified,容量/名称取自2026年官方公共用房共享共用收费信息汇总表；不表示实时可用状态。
venues.v1.json,south_public_003,canonical_name/capacity,official_web,https://zwc.sysu.edu.cn/article/757,2026-08-11,verified,容量/名称取自2026年官方公共用房共享共用收费信息汇总表；不表示实时可用状态。
venues.v1.json,south_public_004,canonical_name/capacity,official_web,https://zwc.sysu.edu.cn/sites/default/files/2026-01/%E9%99%84%E4%BB%B61.%E4%B8%AD%E5%B1%B1%E5%A4%A7%E5%AD%A6%E5%85%AC%E5%85%B1%E7%94%A8%E6%88%BF%E5%85%B1%E4%BA%AB%E5%85%B1%E7%94%A8%E6%94%B6%E8%B4%B9%E4%BF%A1%E6%81%AF%E6%B1%87%E6%80%BB%E8%A1%A8.pdf,2026-08-11,verified,容量/名称取自2026年官方公共用房共享共用收费信息汇总表；不表示实时可用状态。
venues.v1.json,south_public_004,canonical_name/capacity,official_web,https://zwc.sysu.edu.cn/article/757,2026-08-11,verified,容量/名称取自2026年官方公共用房共享共用收费信息汇总表；不表示实时可用状态。
venues.v1.json,south_public_005,canonical_name/capacity,official_web,https://zwc.sysu.edu.cn/sites/default/files/2026-01/%E9%99%84%E4%BB%B61.%E4%B8%AD%E5%B1%B1%E5%A4%A7%E5%AD%A6%E5%85%AC%E5%85%B1%E7%94%A8%E6%88%BF%E5%85%B1%E4%BA%AB%E5%85%B1%E7%94%A8%E6%94%B6%E8%B4%B9%E4%BF%A1%E6%81%AF%E6%B1%87%E6%80%BB%E8%A1%A8.pdf,2026-08-11,verified,容量/名称取自2026年官方公共用房共享共用收费信息汇总表；不表示实时可用状态。
venues.v1.json,south_public_005,canonical_name/capacity,official_web,https://zwc.sysu.edu.cn/article/757,2026-08-11,verified,容量/名称取自2026年官方公共用房共享共用收费信息汇总表；不表示实时可用状态。
venues.v1.json,south_public_006,canonical_name/capacity,official_web,https://zwc.sysu.edu.cn/sites/default/files/2026-01/%E9%99%84%E4%BB%B61.%E4%B8%AD%E5%B1%B1%E5%A4%A7%E5%AD%A6%E5%85%AC%E5%85%B1%E7%94%A8%E6%88%BF%E5%85%B1%E4%BA%AB%E5%85%B1%E7%94%A8%E6%94%B6%E8%B4%B9%E4%BF%A1%E6%81%AF%E6%B1%87%E6%80%BB%E8%A1%A8.pdf,2026-08-11,verified,容量/名称取自2026年官方公共用房共享共用收费信息汇总表；不表示实时可用状态。
venues.v1.json,south_public_006,canonical_name/capacity,official_web,https://zwc.sysu.edu.cn/article/757,2026-08-11,verified,容量/名称取自2026年官方公共用房共享共用收费信息汇总表；不表示实时可用状态。
venues.v1.json,south_public_007,canonical_name/capacity,official_web,https://zwc.sysu.edu.cn/sites/default/files/2026-01/%E9%99%84%E4%BB%B61.%E4%B8%AD%E5%B1%B1%E5%A4%A7%E5%AD%A6%E5%85%AC%E5%85%B1%E7%94%A8%E6%88%BF%E5%85%B1%E4%BA%AB%E5%85%B1%E7%94%A8%E6%94%B6%E8%B4%B9%E4%BF%A1%E6%81%AF%E6%B1%87%E6%80%BB%E8%A1%A8.pdf,2026-08-11,verified,容量/名称取自2026年官方公共用房共享共用收费信息汇总表；不表示实时可用状态。
venues.v1.json,south_public_007,canonical_name/capacity,official_web,https://zwc.sysu.edu.cn/article/757,2026-08-11,verified,容量/名称取自2026年官方公共用房共享共用收费信息汇总表；不表示实时可用状态。
venues.v1.json,south_public_008,canonical_name/capacity,official_web,https://zwc.sysu.edu.cn/sites/default/files/2026-01/%E9%99%84%E4%BB%B61.%E4%B8%AD%E5%B1%B1%E5%A4%A7%E5%AD%A6%E5%85%AC%E5%85%B1%E7%94%A8%E6%88%BF%E5%85%B1%E4%BA%AB%E5%85%B1%E7%94%A8%E6%94%B6%E8%B4%B9%E4%BF%A1%E6%81%AF%E6%B1%87%E6%80%BB%E8%A1%A8.pdf,2026-08-11,verified,容量/名称取自2026年官方公共用房共享共用收费信息汇总表；不表示实时可用状态。
venues.v1.json,south_public_008,canonical_name/capacity,official_web,https://zwc.sysu.edu.cn/article/757,2026-08-11,verified,容量/名称取自2026年官方公共用房共享共用收费信息汇总表；不表示实时可用状态。
venues.v1.json,south_public_009,canonical_name/capacity,official_web,https://zwc.sysu.edu.cn/sites/default/files/2026-01/%E9%99%84%E4%BB%B61.%E4%B8%AD%E5%B1%B1%E5%A4%A7%E5%AD%A6%E5%85%AC%E5%85%B1%E7%94%A8%E6%88%BF%E5%85%B1%E4%BA%AB%E5%85%B1%E7%94%A8%E6%94%B6%E8%B4%B9%E4%BF%A1%E6%81%AF%E6%B1%87%E6%80%BB%E8%A1%A8.pdf,2026-08-11,verified,容量/名称取自2026年官方公共用房共享共用收费信息汇总表；不表示实时可用状态。
venues.v1.json,south_public_009,canonical_name/capacity,official_web,https://zwc.sysu.edu.cn/article/757,2026-08-11,verified,容量/名称取自2026年官方公共用房共享共用收费信息汇总表；不表示实时可用状态。
venues.v1.json,south_public_010,canonical_name/capacity,official_web,https://zwc.sysu.edu.cn/sites/default/files/2026-01/%E9%99%84%E4%BB%B61.%E4%B8%AD%E5%B1%B1%E5%A4%A7%E5%AD%A6%E5%85%AC%E5%85%B1%E7%94%A8%E6%88%BF%E5%85%B1%E4%BA%AB%E5%85%B1%E7%94%A8%E6%94%B6%E8%B4%B9%E4%BF%A1%E6%81%AF%E6%B1%87%E6%80%BB%E8%A1%A8.pdf,2026-08-11,verified,容量/名称取自2026年官方公共用房共享共用收费信息汇总表；不表示实时可用状态。
venues.v1.json,south_public_010,canonical_name/capacity,official_web,https://zwc.sysu.edu.cn/article/757,2026-08-11,verified,容量/名称取自2026年官方公共用房共享共用收费信息汇总表；不表示实时可用状态。
venues.v1.json,south_public_011,canonical_name/capacity,official_web,https://zwc.sysu.edu.cn/sites/default/files/2026-01/%E9%99%84%E4%BB%B61.%E4%B8%AD%E5%B1%B1%E5%A4%A7%E5%AD%A6%E5%85%AC%E5%85%B1%E7%94%A8%E6%88%BF%E5%85%B1%E4%BA%AB%E5%85%B1%E7%94%A8%E6%94%B6%E8%B4%B9%E4%BF%A1%E6%81%AF%E6%B1%87%E6%80%BB%E8%A1%A8.pdf,2026-08-11,verified,容量/名称取自2026年官方公共用房共享共用收费信息汇总表；不表示实时可用状态。
venues.v1.json,south_public_011,canonical_name/capacity,official_web,https://zwc.sysu.edu.cn/article/757,2026-08-11,verified,容量/名称取自2026年官方公共用房共享共用收费信息汇总表；不表示实时可用状态。
venues.v1.json,south_public_012,canonical_name/capacity,official_web,https://zwc.sysu.edu.cn/sites/default/files/2026-01/%E9%99%84%E4%BB%B61.%E4%B8%AD%E5%B1%B1%E5%A4%A7%E5%AD%A6%E5%85%AC%E5%85%B1%E7%94%A8%E6%88%BF%E5%85%B1%E4%BA%AB%E5%85%B1%E7%94%A8%E6%94%B6%E8%B4%B9%E4%BF%A1%E6%81%AF%E6%B1%87%E6%80%BB%E8%A1%A8.pdf,2026-08-11,verified,容量/名称取自2026年官方公共用房共享共用收费信息汇总表；不表示实时可用状态。
venues.v1.json,south_public_012,canonical_name/capacity,official_web,https://zwc.sysu.edu.cn/article/757,2026-08-11,verified,容量/名称取自2026年官方公共用房共享共用收费信息汇总表；不表示实时可用状态。
venues.v1.json,south_public_013,canonical_name/capacity,official_web,https://zwc.sysu.edu.cn/sites/default/files/2026-01/%E9%99%84%E4%BB%B61.%E4%B8%AD%E5%B1%B1%E5%A4%A7%E5%AD%A6%E5%85%AC%E5%85%B1%E7%94%A8%E6%88%BF%E5%85%B1%E4%BA%AB%E5%85%B1%E7%94%A8%E6%94%B6%E8%B4%B9%E4%BF%A1%E6%81%AF%E6%B1%87%E6%80%BB%E8%A1%A8.pdf,2026-08-11,verified,容量/名称取自2026年官方公共用房共享共用收费信息汇总表；不表示实时可用状态。
venues.v1.json,south_public_013,canonical_name/capacity,official_web,https://zwc.sysu.edu.cn/article/757,2026-08-11,verified,容量/名称取自2026年官方公共用房共享共用收费信息汇总表；不表示实时可用状态。
venues.v1.json,south_public_014,canonical_name/capacity,official_web,https://zwc.sysu.edu.cn/sites/default/files/2026-01/%E9%99%84%E4%BB%B61.%E4%B8%AD%E5%B1%B1%E5%A4%A7%E5%AD%A6%E5%85%AC%E5%85%B1%E7%94%A8%E6%88%BF%E5%85%B1%E4%BA%AB%E5%85%B1%E7%94%A8%E6%94%B6%E8%B4%B9%E4%BF%A1%E6%81%AF%E6%B1%87%E6%80%BB%E8%A1%A8.pdf,2026-08-11,verified,容量/名称取自2026年官方公共用房共享共用收费信息汇总表；不表示实时可用状态。
venues.v1.json,south_public_014,canonical_name/capacity,official_web,https://zwc.sysu.edu.cn/article/757,2026-08-11,verified,容量/名称取自2026年官方公共用房共享共用收费信息汇总表；不表示实时可用状态。
venues.v1.json,south_public_015,canonical_name/capacity,official_web,https://zwc.sysu.edu.cn/sites/default/files/2026-01/%E9%99%84%E4%BB%B61.%E4%B8%AD%E5%B1%B1%E5%A4%A7%E5%AD%A6%E5%85%AC%E5%85%B1%E7%94%A8%E6%88%BF%E5%85%B1%E4%BA%AB%E5%85%B1%E7%94%A8%E6%94%B6%E8%B4%B9%E4%BF%A1%E6%81%AF%E6%B1%87%E6%80%BB%E8%A1%A8.pdf,2026-08-11,verified,容量/名称取自2026年官方公共用房共享共用收费信息汇总表；不表示实时可用状态。
venues.v1.json,south_public_015,canonical_name/capacity,official_web,https://zwc.sysu.edu.cn/article/757,2026-08-11,verified,容量/名称取自2026年官方公共用房共享共用收费信息汇总表；不表示实时可用状态。
venues.v1.json,south_public_016,canonical_name/capacity,official_web,https://zwc.sysu.edu.cn/sites/default/files/2026-01/%E9%99%84%E4%BB%B61.%E4%B8%AD%E5%B1%B1%E5%A4%A7%E5%AD%A6%E5%85%AC%E5%85%B1%E7%94%A8%E6%88%BF%E5%85%B1%E4%BA%AB%E5%85%B1%E7%94%A8%E6%94%B6%E8%B4%B9%E4%BF%A1%E6%81%AF%E6%B1%87%E6%80%BB%E8%A1%A8.pdf,2026-08-11,verified,容量/名称取自2026年官方公共用房共享共用收费信息汇总表；不表示实时可用状态。
venues.v1.json,south_public_016,canonical_name/capacity,official_web,https://zwc.sysu.edu.cn/article/757,2026-08-11,verified,容量/名称取自2026年官方公共用房共享共用收费信息汇总表；不表示实时可用状态。
venues.v1.json,south_public_017,canonical_name/capacity,official_web,https://zwc.sysu.edu.cn/sites/default/files/2026-01/%E9%99%84%E4%BB%B61.%E4%B8%AD%E5%B1%B1%E5%A4%A7%E5%AD%A6%E5%85%AC%E5%85%B1%E7%94%A8%E6%88%BF%E5%85%B1%E4%BA%AB%E5%85%B1%E7%94%A8%E6%94%B6%E8%B4%B9%E4%BF%A1%E6%81%AF%E6%B1%87%E6%80%BB%E8%A1%A8.pdf,2026-08-11,verified,容量/名称取自2026年官方公共用房共享共用收费信息汇总表；不表示实时可用状态。
venues.v1.json,south_public_017,canonical_name/capacity,official_web,https://zwc.sysu.edu.cn/article/757,2026-08-11,verified,容量/名称取自2026年官方公共用房共享共用收费信息汇总表；不表示实时可用状态。
venues.v1.json,south_public_018,canonical_name/capacity,official_web,https://zwc.sysu.edu.cn/sites/default/files/2026-01/%E9%99%84%E4%BB%B61.%E4%B8%AD%E5%B1%B1%E5%A4%A7%E5%AD%A6%E5%85%AC%E5%85%B1%E7%94%A8%E6%88%BF%E5%85%B1%E4%BA%AB%E5%85%B1%E7%94%A8%E6%94%B6%E8%B4%B9%E4%BF%A1%E6%81%AF%E6%B1%87%E6%80%BB%E8%A1%A8.pdf,2026-08-11,verified,容量/名称取自2026年官方公共用房共享共用收费信息汇总表；不表示实时可用状态。
venues.v1.json,south_public_018,canonical_name/capacity,official_web,https://zwc.sysu.edu.cn/article/757,2026-08-11,verified,容量/名称取自2026年官方公共用房共享共用收费信息汇总表；不表示实时可用状态。
venues.v1.json,south_public_019,canonical_name/capacity,official_web,https://zwc.sysu.edu.cn/sites/default/files/2026-01/%E9%99%84%E4%BB%B61.%E4%B8%AD%E5%B1%B1%E5%A4%A7%E5%AD%A6%E5%85%AC%E5%85%B1%E7%94%A8%E6%88%BF%E5%85%B1%E4%BA%AB%E5%85%B1%E7%94%A8%E6%94%B6%E8%B4%B9%E4%BF%A1%E6%81%AF%E6%B1%87%E6%80%BB%E8%A1%A8.pdf,2026-08-11,verified,容量/名称取自2026年官方公共用房共享共用收费信息汇总表；不表示实时可用状态。
venues.v1.json,south_public_019,canonical_name/capacity,official_web,https://zwc.sysu.edu.cn/article/757,2026-08-11,verified,容量/名称取自2026年官方公共用房共享共用收费信息汇总表；不表示实时可用状态。
venues.v1.json,south_public_020,canonical_name/capacity,official_web,https://zwc.sysu.edu.cn/sites/default/files/2026-01/%E9%99%84%E4%BB%B61.%E4%B8%AD%E5%B1%B1%E5%A4%A7%E5%AD%A6%E5%85%AC%E5%85%B1%E7%94%A8%E6%88%BF%E5%85%B1%E4%BA%AB%E5%85%B1%E7%94%A8%E6%94%B6%E8%B4%B9%E4%BF%A1%E6%81%AF%E6%B1%87%E6%80%BB%E8%A1%A8.pdf,2026-08-11,verified,容量/名称取自2026年官方公共用房共享共用收费信息汇总表；不表示实时可用状态。
venues.v1.json,south_public_020,canonical_name/capacity,official_web,https://zwc.sysu.edu.cn/article/757,2026-08-11,verified,容量/名称取自2026年官方公共用房共享共用收费信息汇总表；不表示实时可用状态。
venues.v1.json,south_public_021,canonical_name/capacity,official_web,https://zwc.sysu.edu.cn/sites/default/files/2026-01/%E9%99%84%E4%BB%B61.%E4%B8%AD%E5%B1%B1%E5%A4%A7%E5%AD%A6%E5%85%AC%E5%85%B1%E7%94%A8%E6%88%BF%E5%85%B1%E4%BA%AB%E5%85%B1%E7%94%A8%E6%94%B6%E8%B4%B9%E4%BF%A1%E6%81%AF%E6%B1%87%E6%80%BB%E8%A1%A8.pdf,2026-08-11,verified,容量/名称取自2026年官方公共用房共享共用收费信息汇总表；不表示实时可用状态。
venues.v1.json,south_public_021,canonical_name/capacity,official_web,https://zwc.sysu.edu.cn/article/757,2026-08-11,verified,容量/名称取自2026年官方公共用房共享共用收费信息汇总表；不表示实时可用状态。
venues.v1.json,south_public_022,canonical_name/capacity,official_web,https://zwc.sysu.edu.cn/sites/default/files/2026-01/%E9%99%84%E4%BB%B61.%E4%B8%AD%E5%B1%B1%E5%A4%A7%E5%AD%A6%E5%85%AC%E5%85%B1%E7%94%A8%E6%88%BF%E5%85%B1%E4%BA%AB%E5%85%B1%E7%94%A8%E6%94%B6%E8%B4%B9%E4%BF%A1%E6%81%AF%E6%B1%87%E6%80%BB%E8%A1%A8.pdf,2026-08-11,verified,容量/名称取自2026年官方公共用房共享共用收费信息汇总表；不表示实时可用状态。
venues.v1.json,south_public_022,canonical_name/capacity,official_web,https://zwc.sysu.edu.cn/article/757,2026-08-11,verified,容量/名称取自2026年官方公共用房共享共用收费信息汇总表；不表示实时可用状态。
venues.v1.json,south_public_023,canonical_name/capacity,official_web,https://zwc.sysu.edu.cn/sites/default/files/2026-01/%E9%99%84%E4%BB%B61.%E4%B8%AD%E5%B1%B1%E5%A4%A7%E5%AD%A6%E5%85%AC%E5%85%B1%E7%94%A8%E6%88%BF%E5%85%B1%E4%BA%AB%E5%85%B1%E7%94%A8%E6%94%B6%E8%B4%B9%E4%BF%A1%E6%81%AF%E6%B1%87%E6%80%BB%E8%A1%A8.pdf,2026-08-11,verified,容量/名称取自2026年官方公共用房共享共用收费信息汇总表；不表示实时可用状态。
venues.v1.json,south_public_023,canonical_name/capacity,official_web,https://zwc.sysu.edu.cn/article/757,2026-08-11,verified,容量/名称取自2026年官方公共用房共享共用收费信息汇总表；不表示实时可用状态。
venues.v1.json,south_public_024,canonical_name/capacity,official_web,https://zwc.sysu.edu.cn/sites/default/files/2026-01/%E9%99%84%E4%BB%B61.%E4%B8%AD%E5%B1%B1%E5%A4%A7%E5%AD%A6%E5%85%AC%E5%85%B1%E7%94%A8%E6%88%BF%E5%85%B1%E4%BA%AB%E5%85%B1%E7%94%A8%E6%94%B6%E8%B4%B9%E4%BF%A1%E6%81%AF%E6%B1%87%E6%80%BB%E8%A1%A8.pdf,2026-08-11,verified,容量/名称取自2026年官方公共用房共享共用收费信息汇总表；不表示实时可用状态。
venues.v1.json,south_public_024,canonical_name/capacity,official_web,https://zwc.sysu.edu.cn/article/757,2026-08-11,verified,容量/名称取自2026年官方公共用房共享共用收费信息汇总表；不表示实时可用状态。
venues.v1.json,south_public_025,canonical_name/capacity,official_web,https://zwc.sysu.edu.cn/sites/default/files/2026-01/%E9%99%84%E4%BB%B61.%E4%B8%AD%E5%B1%B1%E5%A4%A7%E5%AD%A6%E5%85%AC%E5%85%B1%E7%94%A8%E6%88%BF%E5%85%B1%E4%BA%AB%E5%85%B1%E7%94%A8%E6%94%B6%E8%B4%B9%E4%BF%A1%E6%81%AF%E6%B1%87%E6%80%BB%E8%A1%A8.pdf,2026-08-11,verified,容量/名称取自2026年官方公共用房共享共用收费信息汇总表；不表示实时可用状态。
venues.v1.json,south_public_025,canonical_name/capacity,official_web,https://zwc.sysu.edu.cn/article/757,2026-08-11,verified,容量/名称取自2026年官方公共用房共享共用收费信息汇总表；不表示实时可用状态。
venues.v1.json,south_public_026,canonical_name/capacity,official_web,https://zwc.sysu.edu.cn/sites/default/files/2026-01/%E9%99%84%E4%BB%B61.%E4%B8%AD%E5%B1%B1%E5%A4%A7%E5%AD%A6%E5%85%AC%E5%85%B1%E7%94%A8%E6%88%BF%E5%85%B1%E4%BA%AB%E5%85%B1%E7%94%A8%E6%94%B6%E8%B4%B9%E4%BF%A1%E6%81%AF%E6%B1%87%E6%80%BB%E8%A1%A8.pdf,2026-08-11,verified,容量/名称取自2026年官方公共用房共享共用收费信息汇总表；不表示实时可用状态。
venues.v1.json,south_public_026,canonical_name/capacity,official_web,https://zwc.sysu.edu.cn/article/757,2026-08-11,verified,容量/名称取自2026年官方公共用房共享共用收费信息汇总表；不表示实时可用状态。
venues.v1.json,south_public_027,canonical_name/capacity,official_web,https://zwc.sysu.edu.cn/sites/default/files/2026-01/%E9%99%84%E4%BB%B61.%E4%B8%AD%E5%B1%B1%E5%A4%A7%E5%AD%A6%E5%85%AC%E5%85%B1%E7%94%A8%E6%88%BF%E5%85%B1%E4%BA%AB%E5%85%B1%E7%94%A8%E6%94%B6%E8%B4%B9%E4%BF%A1%E6%81%AF%E6%B1%87%E6%80%BB%E8%A1%A8.pdf,2026-08-11,verified,容量/名称取自2026年官方公共用房共享共用收费信息汇总表；不表示实时可用状态。
venues.v1.json,south_public_027,canonical_name/capacity,official_web,https://zwc.sysu.edu.cn/article/757,2026-08-11,verified,容量/名称取自2026年官方公共用房共享共用收费信息汇总表；不表示实时可用状态。
venues.v1.json,south_public_028,canonical_name/capacity,official_web,https://zwc.sysu.edu.cn/sites/default/files/2026-01/%E9%99%84%E4%BB%B61.%E4%B8%AD%E5%B1%B1%E5%A4%A7%E5%AD%A6%E5%85%AC%E5%85%B1%E7%94%A8%E6%88%BF%E5%85%B1%E4%BA%AB%E5%85%B1%E7%94%A8%E6%94%B6%E8%B4%B9%E4%BF%A1%E6%81%AF%E6%B1%87%E6%80%BB%E8%A1%A8.pdf,2026-08-11,verified,容量/名称取自2026年官方公共用房共享共用收费信息汇总表；不表示实时可用状态。
venues.v1.json,south_public_028,canonical_name/capacity,official_web,https://zwc.sysu.edu.cn/article/757,2026-08-11,verified,容量/名称取自2026年官方公共用房共享共用收费信息汇总表；不表示实时可用状态。
venues.v1.json,south_public_029,canonical_name/capacity,official_web,https://zwc.sysu.edu.cn/sites/default/files/2026-01/%E9%99%84%E4%BB%B61.%E4%B8%AD%E5%B1%B1%E5%A4%A7%E5%AD%A6%E5%85%AC%E5%85%B1%E7%94%A8%E6%88%BF%E5%85%B1%E4%BA%AB%E5%85%B1%E7%94%A8%E6%94%B6%E8%B4%B9%E4%BF%A1%E6%81%AF%E6%B1%87%E6%80%BB%E8%A1%A8.pdf,2026-08-11,verified,容量/名称取自2026年官方公共用房共享共用收费信息汇总表；不表示实时可用状态。
venues.v1.json,south_public_029,canonical_name/capacity,official_web,https://zwc.sysu.edu.cn/article/757,2026-08-11,verified,容量/名称取自2026年官方公共用房共享共用收费信息汇总表；不表示实时可用状态。
venues.v1.json,south_public_030,canonical_name/capacity,official_web,https://zwc.sysu.edu.cn/sites/default/files/2026-01/%E9%99%84%E4%BB%B61.%E4%B8%AD%E5%B1%B1%E5%A4%A7%E5%AD%A6%E5%85%AC%E5%85%B1%E7%94%A8%E6%88%BF%E5%85%B1%E4%BA%AB%E5%85%B1%E7%94%A8%E6%94%B6%E8%B4%B9%E4%BF%A1%E6%81%AF%E6%B1%87%E6%80%BB%E8%A1%A8.pdf,2026-08-11,verified,容量/名称取自2026年官方公共用房共享共用收费信息汇总表；不表示实时可用状态。
venues.v1.json,south_public_030,canonical_name/capacity,official_web,https://zwc.sysu.edu.cn/article/757,2026-08-11,verified,容量/名称取自2026年官方公共用房共享共用收费信息汇总表；不表示实时可用状态。
venues.v1.json,south_public_031,canonical_name/capacity,official_web,https://zwc.sysu.edu.cn/sites/default/files/2026-01/%E9%99%84%E4%BB%B61.%E4%B8%AD%E5%B1%B1%E5%A4%A7%E5%AD%A6%E5%85%AC%E5%85%B1%E7%94%A8%E6%88%BF%E5%85%B1%E4%BA%AB%E5%85%B1%E7%94%A8%E6%94%B6%E8%B4%B9%E4%BF%A1%E6%81%AF%E6%B1%87%E6%80%BB%E8%A1%A8.pdf,2026-08-11,verified,容量/名称取自2026年官方公共用房共享共用收费信息汇总表；不表示实时可用状态。
venues.v1.json,south_public_031,canonical_name/capacity,official_web,https://zwc.sysu.edu.cn/article/757,2026-08-11,verified,容量/名称取自2026年官方公共用房共享共用收费信息汇总表；不表示实时可用状态。
venues.v1.json,south_public_032,canonical_name/capacity,official_web,https://zwc.sysu.edu.cn/sites/default/files/2026-01/%E9%99%84%E4%BB%B61.%E4%B8%AD%E5%B1%B1%E5%A4%A7%E5%AD%A6%E5%85%AC%E5%85%B1%E7%94%A8%E6%88%BF%E5%85%B1%E4%BA%AB%E5%85%B1%E7%94%A8%E6%94%B6%E8%B4%B9%E4%BF%A1%E6%81%AF%E6%B1%87%E6%80%BB%E8%A1%A8.pdf,2026-08-11,verified,容量/名称取自2026年官方公共用房共享共用收费信息汇总表；不表示实时可用状态。
venues.v1.json,south_public_032,canonical_name/capacity,official_web,https://zwc.sysu.edu.cn/article/757,2026-08-11,verified,容量/名称取自2026年官方公共用房共享共用收费信息汇总表；不表示实时可用状态。
venues.v1.json,south_public_033,canonical_name/capacity,official_web,https://zwc.sysu.edu.cn/sites/default/files/2026-01/%E9%99%84%E4%BB%B61.%E4%B8%AD%E5%B1%B1%E5%A4%A7%E5%AD%A6%E5%85%AC%E5%85%B1%E7%94%A8%E6%88%BF%E5%85%B1%E4%BA%AB%E5%85%B1%E7%94%A8%E6%94%B6%E8%B4%B9%E4%BF%A1%E6%81%AF%E6%B1%87%E6%80%BB%E8%A1%A8.pdf,2026-08-11,verified,容量/名称取自2026年官方公共用房共享共用收费信息汇总表；不表示实时可用状态。
venues.v1.json,south_public_033,canonical_name/capacity,official_web,https://zwc.sysu.edu.cn/article/757,2026-08-11,verified,容量/名称取自2026年官方公共用房共享共用收费信息汇总表；不表示实时可用状态。
venues.v1.json,south_public_034,canonical_name/capacity,official_web,https://zwc.sysu.edu.cn/sites/default/files/2026-01/%E9%99%84%E4%BB%B61.%E4%B8%AD%E5%B1%B1%E5%A4%A7%E5%AD%A6%E5%85%AC%E5%85%B1%E7%94%A8%E6%88%BF%E5%85%B1%E4%BA%AB%E5%85%B1%E7%94%A8%E6%94%B6%E8%B4%B9%E4%BF%A1%E6%81%AF%E6%B1%87%E6%80%BB%E8%A1%A8.pdf,2026-08-11,verified,容量/名称取自2026年官方公共用房共享共用收费信息汇总表；不表示实时可用状态。
venues.v1.json,south_public_034,canonical_name/capacity,official_web,https://zwc.sysu.edu.cn/article/757,2026-08-11,verified,容量/名称取自2026年官方公共用房共享共用收费信息汇总表；不表示实时可用状态。
venues.v1.json,south_public_035,canonical_name/capacity,official_web,https://zwc.sysu.edu.cn/sites/default/files/2026-01/%E9%99%84%E4%BB%B61.%E4%B8%AD%E5%B1%B1%E5%A4%A7%E5%AD%A6%E5%85%AC%E5%85%B1%E7%94%A8%E6%88%BF%E5%85%B1%E4%BA%AB%E5%85%B1%E7%94%A8%E6%94%B6%E8%B4%B9%E4%BF%A1%E6%81%AF%E6%B1%87%E6%80%BB%E8%A1%A8.pdf,2026-08-11,verified,容量/名称取自2026年官方公共用房共享共用收费信息汇总表；不表示实时可用状态。
venues.v1.json,south_public_035,canonical_name/capacity,official_web,https://zwc.sysu.edu.cn/article/757,2026-08-11,verified,容量/名称取自2026年官方公共用房共享共用收费信息汇总表；不表示实时可用状态。
venues.v1.json,south_public_036,canonical_name/capacity,official_web,https://zwc.sysu.edu.cn/sites/default/files/2026-01/%E9%99%84%E4%BB%B61.%E4%B8%AD%E5%B1%B1%E5%A4%A7%E5%AD%A6%E5%85%AC%E5%85%B1%E7%94%A8%E6%88%BF%E5%85%B1%E4%BA%AB%E5%85%B1%E7%94%A8%E6%94%B6%E8%B4%B9%E4%BF%A1%E6%81%AF%E6%B1%87%E6%80%BB%E8%A1%A8.pdf,2026-08-11,verified,容量/名称取自2026年官方公共用房共享共用收费信息汇总表；不表示实时可用状态。
venues.v1.json,south_public_036,canonical_name/capacity,official_web,https://zwc.sysu.edu.cn/article/757,2026-08-11,verified,容量/名称取自2026年官方公共用房共享共用收费信息汇总表；不表示实时可用状态。
venues.v1.json,south_public_037,canonical_name/capacity,official_web,https://zwc.sysu.edu.cn/sites/default/files/2026-01/%E9%99%84%E4%BB%B61.%E4%B8%AD%E5%B1%B1%E5%A4%A7%E5%AD%A6%E5%85%AC%E5%85%B1%E7%94%A8%E6%88%BF%E5%85%B1%E4%BA%AB%E5%85%B1%E7%94%A8%E6%94%B6%E8%B4%B9%E4%BF%A1%E6%81%AF%E6%B1%87%E6%80%BB%E8%A1%A8.pdf,2026-08-11,verified,容量/名称取自2026年官方公共用房共享共用收费信息汇总表；不表示实时可用状态。
venues.v1.json,south_public_037,canonical_name/capacity,official_web,https://zwc.sysu.edu.cn/article/757,2026-08-11,verified,容量/名称取自2026年官方公共用房共享共用收费信息汇总表；不表示实时可用状态。
venues.v1.json,south_public_038,canonical_name/capacity,official_web,https://zwc.sysu.edu.cn/sites/default/files/2026-01/%E9%99%84%E4%BB%B61.%E4%B8%AD%E5%B1%B1%E5%A4%A7%E5%AD%A6%E5%85%AC%E5%85%B1%E7%94%A8%E6%88%BF%E5%85%B1%E4%BA%AB%E5%85%B1%E7%94%A8%E6%94%B6%E8%B4%B9%E4%BF%A1%E6%81%AF%E6%B1%87%E6%80%BB%E8%A1%A8.pdf,2026-08-11,verified,容量/名称取自2026年官方公共用房共享共用收费信息汇总表；不表示实时可用状态。
venues.v1.json,south_public_038,canonical_name/capacity,official_web,https://zwc.sysu.edu.cn/article/757,2026-08-11,verified,容量/名称取自2026年官方公共用房共享共用收费信息汇总表；不表示实时可用状态。
venues.v1.json,south_public_039,canonical_name/capacity,official_web,https://zwc.sysu.edu.cn/sites/default/files/2026-01/%E9%99%84%E4%BB%B61.%E4%B8%AD%E5%B1%B1%E5%A4%A7%E5%AD%A6%E5%85%AC%E5%85%B1%E7%94%A8%E6%88%BF%E5%85%B1%E4%BA%AB%E5%85%B1%E7%94%A8%E6%94%B6%E8%B4%B9%E4%BF%A1%E6%81%AF%E6%B1%87%E6%80%BB%E8%A1%A8.pdf,2026-08-11,verified,容量/名称取自2026年官方公共用房共享共用收费信息汇总表；不表示实时可用状态。
venues.v1.json,south_public_039,canonical_name/capacity,official_web,https://zwc.sysu.edu.cn/article/757,2026-08-11,verified,容量/名称取自2026年官方公共用房共享共用收费信息汇总表；不表示实时可用状态。
venues.v1.json,south_public_040,canonical_name/capacity,official_web,https://zwc.sysu.edu.cn/sites/default/files/2026-01/%E9%99%84%E4%BB%B61.%E4%B8%AD%E5%B1%B1%E5%A4%A7%E5%AD%A6%E5%85%AC%E5%85%B1%E7%94%A8%E6%88%BF%E5%85%B1%E4%BA%AB%E5%85%B1%E7%94%A8%E6%94%B6%E8%B4%B9%E4%BF%A1%E6%81%AF%E6%B1%87%E6%80%BB%E8%A1%A8.pdf,2026-08-11,verified,容量/名称取自2026年官方公共用房共享共用收费信息汇总表；不表示实时可用状态。
venues.v1.json,south_public_040,canonical_name/capacity,official_web,https://zwc.sysu.edu.cn/article/757,2026-08-11,verified,容量/名称取自2026年官方公共用房共享共用收费信息汇总表；不表示实时可用状态。
venues.v1.json,south_public_041,canonical_name/capacity,official_web,https://zwc.sysu.edu.cn/sites/default/files/2026-01/%E9%99%84%E4%BB%B61.%E4%B8%AD%E5%B1%B1%E5%A4%A7%E5%AD%A6%E5%85%AC%E5%85%B1%E7%94%A8%E6%88%BF%E5%85%B1%E4%BA%AB%E5%85%B1%E7%94%A8%E6%94%B6%E8%B4%B9%E4%BF%A1%E6%81%AF%E6%B1%87%E6%80%BB%E8%A1%A8.pdf,2026-08-11,verified,容量/名称取自2026年官方公共用房共享共用收费信息汇总表；不表示实时可用状态。
venues.v1.json,south_public_041,canonical_name/capacity,official_web,https://zwc.sysu.edu.cn/article/757,2026-08-11,verified,容量/名称取自2026年官方公共用房共享共用收费信息汇总表；不表示实时可用状态。
venues.v1.json,south_public_042,canonical_name/capacity,official_web,https://zwc.sysu.edu.cn/sites/default/files/2026-01/%E9%99%84%E4%BB%B61.%E4%B8%AD%E5%B1%B1%E5%A4%A7%E5%AD%A6%E5%85%AC%E5%85%B1%E7%94%A8%E6%88%BF%E5%85%B1%E4%BA%AB%E5%85%B1%E7%94%A8%E6%94%B6%E8%B4%B9%E4%BF%A1%E6%81%AF%E6%B1%87%E6%80%BB%E8%A1%A8.pdf,2026-08-11,verified,容量/名称取自2026年官方公共用房共享共用收费信息汇总表；不表示实时可用状态。
venues.v1.json,south_public_042,canonical_name/capacity,official_web,https://zwc.sysu.edu.cn/article/757,2026-08-11,verified,容量/名称取自2026年官方公共用房共享共用收费信息汇总表；不表示实时可用状态。
venues.v1.json,south_public_043,canonical_name/capacity,official_web,https://zwc.sysu.edu.cn/sites/default/files/2026-01/%E9%99%84%E4%BB%B61.%E4%B8%AD%E5%B1%B1%E5%A4%A7%E5%AD%A6%E5%85%AC%E5%85%B1%E7%94%A8%E6%88%BF%E5%85%B1%E4%BA%AB%E5%85%B1%E7%94%A8%E6%94%B6%E8%B4%B9%E4%BF%A1%E6%81%AF%E6%B1%87%E6%80%BB%E8%A1%A8.pdf,2026-08-11,verified,容量/名称取自2026年官方公共用房共享共用收费信息汇总表；不表示实时可用状态。
venues.v1.json,south_public_043,canonical_name/capacity,official_web,https://zwc.sysu.edu.cn/article/757,2026-08-11,verified,容量/名称取自2026年官方公共用房共享共用收费信息汇总表；不表示实时可用状态。
venues.v1.json,south_public_044,canonical_name/capacity,official_web,https://zwc.sysu.edu.cn/sites/default/files/2026-01/%E9%99%84%E4%BB%B61.%E4%B8%AD%E5%B1%B1%E5%A4%A7%E5%AD%A6%E5%85%AC%E5%85%B1%E7%94%A8%E6%88%BF%E5%85%B1%E4%BA%AB%E5%85%B1%E7%94%A8%E6%94%B6%E8%B4%B9%E4%BF%A1%E6%81%AF%E6%B1%87%E6%80%BB%E8%A1%A8.pdf,2026-08-11,verified,容量/名称取自2026年官方公共用房共享共用收费信息汇总表；不表示实时可用状态。
venues.v1.json,south_public_044,canonical_name/capacity,official_web,https://zwc.sysu.edu.cn/article/757,2026-08-11,verified,容量/名称取自2026年官方公共用房共享共用收费信息汇总表；不表示实时可用状态。
venues.v1.json,south_public_045,canonical_name/capacity,official_web,https://zwc.sysu.edu.cn/sites/default/files/2026-01/%E9%99%84%E4%BB%B61.%E4%B8%AD%E5%B1%B1%E5%A4%A7%E5%AD%A6%E5%85%AC%E5%85%B1%E7%94%A8%E6%88%BF%E5%85%B1%E4%BA%AB%E5%85%B1%E7%94%A8%E6%94%B6%E8%B4%B9%E4%BF%A1%E6%81%AF%E6%B1%87%E6%80%BB%E8%A1%A8.pdf,2026-08-11,verified,容量/名称取自2026年官方公共用房共享共用收费信息汇总表；不表示实时可用状态。
venues.v1.json,south_public_045,canonical_name/capacity,official_web,https://zwc.sysu.edu.cn/article/757,2026-08-11,verified,容量/名称取自2026年官方公共用房共享共用收费信息汇总表；不表示实时可用状态。
venues.v1.json,south_public_046,canonical_name/capacity,official_web,https://zwc.sysu.edu.cn/sites/default/files/2026-01/%E9%99%84%E4%BB%B61.%E4%B8%AD%E5%B1%B1%E5%A4%A7%E5%AD%A6%E5%85%AC%E5%85%B1%E7%94%A8%E6%88%BF%E5%85%B1%E4%BA%AB%E5%85%B1%E7%94%A8%E6%94%B6%E8%B4%B9%E4%BF%A1%E6%81%AF%E6%B1%87%E6%80%BB%E8%A1%A8.pdf,2026-08-11,verified,容量/名称取自2026年官方公共用房共享共用收费信息汇总表；不表示实时可用状态。
venues.v1.json,south_public_046,canonical_name/capacity,official_web,https://zwc.sysu.edu.cn/article/757,2026-08-11,verified,容量/名称取自2026年官方公共用房共享共用收费信息汇总表；不表示实时可用状态。
venues.v1.json,south_public_047,canonical_name/capacity,official_web,https://zwc.sysu.edu.cn/sites/default/files/2026-01/%E9%99%84%E4%BB%B61.%E4%B8%AD%E5%B1%B1%E5%A4%A7%E5%AD%A6%E5%85%AC%E5%85%B1%E7%94%A8%E6%88%BF%E5%85%B1%E4%BA%AB%E5%85%B1%E7%94%A8%E6%94%B6%E8%B4%B9%E4%BF%A1%E6%81%AF%E6%B1%87%E6%80%BB%E8%A1%A8.pdf,2026-08-11,verified,容量/名称取自2026年官方公共用房共享共用收费信息汇总表；不表示实时可用状态。
venues.v1.json,south_public_047,canonical_name/capacity,official_web,https://zwc.sysu.edu.cn/article/757,2026-08-11,verified,容量/名称取自2026年官方公共用房共享共用收费信息汇总表；不表示实时可用状态。
venues.v1.json,south_public_048,canonical_name/capacity,official_web,https://zwc.sysu.edu.cn/sites/default/files/2026-01/%E9%99%84%E4%BB%B61.%E4%B8%AD%E5%B1%B1%E5%A4%A7%E5%AD%A6%E5%85%AC%E5%85%B1%E7%94%A8%E6%88%BF%E5%85%B1%E4%BA%AB%E5%85%B1%E7%94%A8%E6%94%B6%E8%B4%B9%E4%BF%A1%E6%81%AF%E6%B1%87%E6%80%BB%E8%A1%A8.pdf,2026-08-11,verified,容量/名称取自2026年官方公共用房共享共用收费信息汇总表；不表示实时可用状态。
venues.v1.json,south_public_048,canonical_name/capacity,official_web,https://zwc.sysu.edu.cn/article/757,2026-08-11,verified,容量/名称取自2026年官方公共用房共享共用收费信息汇总表；不表示实时可用状态。
venues.v1.json,south_public_049,canonical_name/capacity,official_web,https://zwc.sysu.edu.cn/sites/default/files/2026-01/%E9%99%84%E4%BB%B61.%E4%B8%AD%E5%B1%B1%E5%A4%A7%E5%AD%A6%E5%85%AC%E5%85%B1%E7%94%A8%E6%88%BF%E5%85%B1%E4%BA%AB%E5%85%B1%E7%94%A8%E6%94%B6%E8%B4%B9%E4%BF%A1%E6%81%AF%E6%B1%87%E6%80%BB%E8%A1%A8.pdf,2026-08-11,verified,容量/名称取自2026年官方公共用房共享共用收费信息汇总表；不表示实时可用状态。
venues.v1.json,south_public_049,canonical_name/capacity,official_web,https://zwc.sysu.edu.cn/article/757,2026-08-11,verified,容量/名称取自2026年官方公共用房共享共用收费信息汇总表；不表示实时可用状态。
venues.v1.json,south_public_050,canonical_name/capacity,official_web,https://zwc.sysu.edu.cn/sites/default/files/2026-01/%E9%99%84%E4%BB%B61.%E4%B8%AD%E5%B1%B1%E5%A4%A7%E5%AD%A6%E5%85%AC%E5%85%B1%E7%94%A8%E6%88%BF%E5%85%B1%E4%BA%AB%E5%85%B1%E7%94%A8%E6%94%B6%E8%B4%B9%E4%BF%A1%E6%81%AF%E6%B1%87%E6%80%BB%E8%A1%A8.pdf,2026-08-11,verified,容量/名称取自2026年官方公共用房共享共用收费信息汇总表；不表示实时可用状态。
venues.v1.json,south_public_050,canonical_name/capacity,official_web,https://zwc.sysu.edu.cn/article/757,2026-08-11,verified,容量/名称取自2026年官方公共用房共享共用收费信息汇总表；不表示实时可用状态。
venues.v1.json,south_public_051,canonical_name/capacity,official_web,https://zwc.sysu.edu.cn/sites/default/files/2026-01/%E9%99%84%E4%BB%B61.%E4%B8%AD%E5%B1%B1%E5%A4%A7%E5%AD%A6%E5%85%AC%E5%85%B1%E7%94%A8%E6%88%BF%E5%85%B1%E4%BA%AB%E5%85%B1%E7%94%A8%E6%94%B6%E8%B4%B9%E4%BF%A1%E6%81%AF%E6%B1%87%E6%80%BB%E8%A1%A8.pdf,2026-08-11,verified,容量/名称取自2026年官方公共用房共享共用收费信息汇总表；不表示实时可用状态。
venues.v1.json,south_public_051,canonical_name/capacity,official_web,https://zwc.sysu.edu.cn/article/757,2026-08-11,verified,容量/名称取自2026年官方公共用房共享共用收费信息汇总表；不表示实时可用状态。
venues.v1.json,south_public_052,canonical_name/capacity,official_web,https://zwc.sysu.edu.cn/sites/default/files/2026-01/%E9%99%84%E4%BB%B61.%E4%B8%AD%E5%B1%B1%E5%A4%A7%E5%AD%A6%E5%85%AC%E5%85%B1%E7%94%A8%E6%88%BF%E5%85%B1%E4%BA%AB%E5%85%B1%E7%94%A8%E6%94%B6%E8%B4%B9%E4%BF%A1%E6%81%AF%E6%B1%87%E6%80%BB%E8%A1%A8.pdf,2026-08-11,verified,容量/名称取自2026年官方公共用房共享共用收费信息汇总表；不表示实时可用状态。
venues.v1.json,south_public_052,canonical_name/capacity,official_web,https://zwc.sysu.edu.cn/article/757,2026-08-11,verified,容量/名称取自2026年官方公共用房共享共用收费信息汇总表；不表示实时可用状态。
venues.v1.json,south_public_053,canonical_name/capacity,official_web,https://zwc.sysu.edu.cn/sites/default/files/2026-01/%E9%99%84%E4%BB%B61.%E4%B8%AD%E5%B1%B1%E5%A4%A7%E5%AD%A6%E5%85%AC%E5%85%B1%E7%94%A8%E6%88%BF%E5%85%B1%E4%BA%AB%E5%85%B1%E7%94%A8%E6%94%B6%E8%B4%B9%E4%BF%A1%E6%81%AF%E6%B1%87%E6%80%BB%E8%A1%A8.pdf,2026-08-11,verified,容量/名称取自2026年官方公共用房共享共用收费信息汇总表；不表示实时可用状态。
venues.v1.json,south_public_053,canonical_name/capacity,official_web,https://zwc.sysu.edu.cn/article/757,2026-08-11,verified,容量/名称取自2026年官方公共用房共享共用收费信息汇总表；不表示实时可用状态。
venues.v1.json,south_public_054,canonical_name/capacity,official_web,https://zwc.sysu.edu.cn/sites/default/files/2026-01/%E9%99%84%E4%BB%B61.%E4%B8%AD%E5%B1%B1%E5%A4%A7%E5%AD%A6%E5%85%AC%E5%85%B1%E7%94%A8%E6%88%BF%E5%85%B1%E4%BA%AB%E5%85%B1%E7%94%A8%E6%94%B6%E8%B4%B9%E4%BF%A1%E6%81%AF%E6%B1%87%E6%80%BB%E8%A1%A8.pdf,2026-08-11,verified,容量/名称取自2026年官方公共用房共享共用收费信息汇总表；不表示实时可用状态。
venues.v1.json,south_public_054,canonical_name/capacity,official_web,https://zwc.sysu.edu.cn/article/757,2026-08-11,verified,容量/名称取自2026年官方公共用房共享共用收费信息汇总表；不表示实时可用状态。
venues.v1.json,south_public_055,canonical_name/capacity,official_web,https://zwc.sysu.edu.cn/sites/default/files/2026-01/%E9%99%84%E4%BB%B61.%E4%B8%AD%E5%B1%B1%E5%A4%A7%E5%AD%A6%E5%85%AC%E5%85%B1%E7%94%A8%E6%88%BF%E5%85%B1%E4%BA%AB%E5%85%B1%E7%94%A8%E6%94%B6%E8%B4%B9%E4%BF%A1%E6%81%AF%E6%B1%87%E6%80%BB%E8%A1%A8.pdf,2026-08-11,verified,容量/名称取自2026年官方公共用房共享共用收费信息汇总表；不表示实时可用状态。
venues.v1.json,south_public_055,canonical_name/capacity,official_web,https://zwc.sysu.edu.cn/article/757,2026-08-11,verified,容量/名称取自2026年官方公共用房共享共用收费信息汇总表；不表示实时可用状态。
venues.v1.json,south_public_056,canonical_name/capacity,official_web,https://zwc.sysu.edu.cn/sites/default/files/2026-01/%E9%99%84%E4%BB%B61.%E4%B8%AD%E5%B1%B1%E5%A4%A7%E5%AD%A6%E5%85%AC%E5%85%B1%E7%94%A8%E6%88%BF%E5%85%B1%E4%BA%AB%E5%85%B1%E7%94%A8%E6%94%B6%E8%B4%B9%E4%BF%A1%E6%81%AF%E6%B1%87%E6%80%BB%E8%A1%A8.pdf,2026-08-11,verified,容量/名称取自2026年官方公共用房共享共用收费信息汇总表；不表示实时可用状态。
venues.v1.json,south_public_056,canonical_name/capacity,official_web,https://zwc.sysu.edu.cn/article/757,2026-08-11,verified,容量/名称取自2026年官方公共用房共享共用收费信息汇总表；不表示实时可用状态。
venues.v1.json,south_public_057,canonical_name/capacity,official_web,https://zwc.sysu.edu.cn/sites/default/files/2026-01/%E9%99%84%E4%BB%B61.%E4%B8%AD%E5%B1%B1%E5%A4%A7%E5%AD%A6%E5%85%AC%E5%85%B1%E7%94%A8%E6%88%BF%E5%85%B1%E4%BA%AB%E5%85%B1%E7%94%A8%E6%94%B6%E8%B4%B9%E4%BF%A1%E6%81%AF%E6%B1%87%E6%80%BB%E8%A1%A8.pdf,2026-08-11,verified,容量/名称取自2026年官方公共用房共享共用收费信息汇总表；不表示实时可用状态。
venues.v1.json,south_public_057,canonical_name/capacity,official_web,https://zwc.sysu.edu.cn/article/757,2026-08-11,verified,容量/名称取自2026年官方公共用房共享共用收费信息汇总表；不表示实时可用状态。
venues.v1.json,south_public_058,canonical_name/capacity,official_web,https://zwc.sysu.edu.cn/sites/default/files/2026-01/%E9%99%84%E4%BB%B61.%E4%B8%AD%E5%B1%B1%E5%A4%A7%E5%AD%A6%E5%85%AC%E5%85%B1%E7%94%A8%E6%88%BF%E5%85%B1%E4%BA%AB%E5%85%B1%E7%94%A8%E6%94%B6%E8%B4%B9%E4%BF%A1%E6%81%AF%E6%B1%87%E6%80%BB%E8%A1%A8.pdf,2026-08-11,verified,容量/名称取自2026年官方公共用房共享共用收费信息汇总表；不表示实时可用状态。
venues.v1.json,south_public_058,canonical_name/capacity,official_web,https://zwc.sysu.edu.cn/article/757,2026-08-11,verified,容量/名称取自2026年官方公共用房共享共用收费信息汇总表；不表示实时可用状态。
venues.v1.json,south_public_059,canonical_name/capacity,official_web,https://zwc.sysu.edu.cn/sites/default/files/2026-01/%E9%99%84%E4%BB%B61.%E4%B8%AD%E5%B1%B1%E5%A4%A7%E5%AD%A6%E5%85%AC%E5%85%B1%E7%94%A8%E6%88%BF%E5%85%B1%E4%BA%AB%E5%85%B1%E7%94%A8%E6%94%B6%E8%B4%B9%E4%BF%A1%E6%81%AF%E6%B1%87%E6%80%BB%E8%A1%A8.pdf,2026-08-11,verified,容量/名称取自2026年官方公共用房共享共用收费信息汇总表；不表示实时可用状态。
venues.v1.json,south_public_059,canonical_name/capacity,official_web,https://zwc.sysu.edu.cn/article/757,2026-08-11,verified,容量/名称取自2026年官方公共用房共享共用收费信息汇总表；不表示实时可用状态。
venues.v1.json,south_public_060,canonical_name/capacity,official_web,https://zwc.sysu.edu.cn/sites/default/files/2026-01/%E9%99%84%E4%BB%B61.%E4%B8%AD%E5%B1%B1%E5%A4%A7%E5%AD%A6%E5%85%AC%E5%85%B1%E7%94%A8%E6%88%BF%E5%85%B1%E4%BA%AB%E5%85%B1%E7%94%A8%E6%94%B6%E8%B4%B9%E4%BF%A1%E6%81%AF%E6%B1%87%E6%80%BB%E8%A1%A8.pdf,2026-08-11,verified,容量/名称取自2026年官方公共用房共享共用收费信息汇总表；不表示实时可用状态。
venues.v1.json,south_public_060,canonical_name/capacity,official_web,https://zwc.sysu.edu.cn/article/757,2026-08-11,verified,容量/名称取自2026年官方公共用房共享共用收费信息汇总表；不表示实时可用状态。
venues.v1.json,south_public_061,canonical_name/capacity,official_web,https://zwc.sysu.edu.cn/sites/default/files/2026-01/%E9%99%84%E4%BB%B61.%E4%B8%AD%E5%B1%B1%E5%A4%A7%E5%AD%A6%E5%85%AC%E5%85%B1%E7%94%A8%E6%88%BF%E5%85%B1%E4%BA%AB%E5%85%B1%E7%94%A8%E6%94%B6%E8%B4%B9%E4%BF%A1%E6%81%AF%E6%B1%87%E6%80%BB%E8%A1%A8.pdf,2026-08-11,verified,容量/名称取自2026年官方公共用房共享共用收费信息汇总表；不表示实时可用状态。
venues.v1.json,south_public_061,canonical_name/capacity,official_web,https://zwc.sysu.edu.cn/article/757,2026-08-11,verified,容量/名称取自2026年官方公共用房共享共用收费信息汇总表；不表示实时可用状态。
venues.v1.json,south_public_062,canonical_name/capacity,official_web,https://zwc.sysu.edu.cn/sites/default/files/2026-01/%E9%99%84%E4%BB%B61.%E4%B8%AD%E5%B1%B1%E5%A4%A7%E5%AD%A6%E5%85%AC%E5%85%B1%E7%94%A8%E6%88%BF%E5%85%B1%E4%BA%AB%E5%85%B1%E7%94%A8%E6%94%B6%E8%B4%B9%E4%BF%A1%E6%81%AF%E6%B1%87%E6%80%BB%E8%A1%A8.pdf,2026-08-11,verified,容量/名称取自2026年官方公共用房共享共用收费信息汇总表；不表示实时可用状态。
venues.v1.json,south_public_062,canonical_name/capacity,official_web,https://zwc.sysu.edu.cn/article/757,2026-08-11,verified,容量/名称取自2026年官方公共用房共享共用收费信息汇总表；不表示实时可用状态。
venues.v1.json,south_public_063,canonical_name/capacity,official_web,https://zwc.sysu.edu.cn/sites/default/files/2026-01/%E9%99%84%E4%BB%B61.%E4%B8%AD%E5%B1%B1%E5%A4%A7%E5%AD%A6%E5%85%AC%E5%85%B1%E7%94%A8%E6%88%BF%E5%85%B1%E4%BA%AB%E5%85%B1%E7%94%A8%E6%94%B6%E8%B4%B9%E4%BF%A1%E6%81%AF%E6%B1%87%E6%80%BB%E8%A1%A8.pdf,2026-08-11,verified,容量/名称取自2026年官方公共用房共享共用收费信息汇总表；不表示实时可用状态。
venues.v1.json,south_public_063,canonical_name/capacity,official_web,https://zwc.sysu.edu.cn/article/757,2026-08-11,verified,容量/名称取自2026年官方公共用房共享共用收费信息汇总表；不表示实时可用状态。
venues.v1.json,south_public_064,canonical_name/capacity,official_web,https://zwc.sysu.edu.cn/sites/default/files/2026-01/%E9%99%84%E4%BB%B61.%E4%B8%AD%E5%B1%B1%E5%A4%A7%E5%AD%A6%E5%85%AC%E5%85%B1%E7%94%A8%E6%88%BF%E5%85%B1%E4%BA%AB%E5%85%B1%E7%94%A8%E6%94%B6%E8%B4%B9%E4%BF%A1%E6%81%AF%E6%B1%87%E6%80%BB%E8%A1%A8.pdf,2026-08-11,verified,容量/名称取自2026年官方公共用房共享共用收费信息汇总表；不表示实时可用状态。
venues.v1.json,south_public_064,canonical_name/capacity,official_web,https://zwc.sysu.edu.cn/article/757,2026-08-11,verified,容量/名称取自2026年官方公共用房共享共用收费信息汇总表；不表示实时可用状态。
venues.v1.json,south_public_065,canonical_name/capacity,official_web,https://zwc.sysu.edu.cn/sites/default/files/2026-01/%E9%99%84%E4%BB%B61.%E4%B8%AD%E5%B1%B1%E5%A4%A7%E5%AD%A6%E5%85%AC%E5%85%B1%E7%94%A8%E6%88%BF%E5%85%B1%E4%BA%AB%E5%85%B1%E7%94%A8%E6%94%B6%E8%B4%B9%E4%BF%A1%E6%81%AF%E6%B1%87%E6%80%BB%E8%A1%A8.pdf,2026-08-11,verified,容量/名称取自2026年官方公共用房共享共用收费信息汇总表；不表示实时可用状态。
venues.v1.json,south_public_065,canonical_name/capacity,official_web,https://zwc.sysu.edu.cn/article/757,2026-08-11,verified,容量/名称取自2026年官方公共用房共享共用收费信息汇总表；不表示实时可用状态。
venues.v1.json,south_public_066,canonical_name/capacity,official_web,https://zwc.sysu.edu.cn/sites/default/files/2026-01/%E9%99%84%E4%BB%B61.%E4%B8%AD%E5%B1%B1%E5%A4%A7%E5%AD%A6%E5%85%AC%E5%85%B1%E7%94%A8%E6%88%BF%E5%85%B1%E4%BA%AB%E5%85%B1%E7%94%A8%E6%94%B6%E8%B4%B9%E4%BF%A1%E6%81%AF%E6%B1%87%E6%80%BB%E8%A1%A8.pdf,2026-08-11,verified,容量/名称取自2026年官方公共用房共享共用收费信息汇总表；不表示实时可用状态。
venues.v1.json,south_public_066,canonical_name/capacity,official_web,https://zwc.sysu.edu.cn/article/757,2026-08-11,verified,容量/名称取自2026年官方公共用房共享共用收费信息汇总表；不表示实时可用状态。
venues.v1.json,south_public_067,canonical_name/capacity,official_web,https://zwc.sysu.edu.cn/sites/default/files/2026-01/%E9%99%84%E4%BB%B61.%E4%B8%AD%E5%B1%B1%E5%A4%A7%E5%AD%A6%E5%85%AC%E5%85%B1%E7%94%A8%E6%88%BF%E5%85%B1%E4%BA%AB%E5%85%B1%E7%94%A8%E6%94%B6%E8%B4%B9%E4%BF%A1%E6%81%AF%E6%B1%87%E6%80%BB%E8%A1%A8.pdf,2026-08-11,verified,容量/名称取自2026年官方公共用房共享共用收费信息汇总表；不表示实时可用状态。
venues.v1.json,south_public_067,canonical_name/capacity,official_web,https://zwc.sysu.edu.cn/article/757,2026-08-11,verified,容量/名称取自2026年官方公共用房共享共用收费信息汇总表；不表示实时可用状态。
venues.v1.json,south_public_068,canonical_name/capacity,official_web,https://zwc.sysu.edu.cn/sites/default/files/2026-01/%E9%99%84%E4%BB%B61.%E4%B8%AD%E5%B1%B1%E5%A4%A7%E5%AD%A6%E5%85%AC%E5%85%B1%E7%94%A8%E6%88%BF%E5%85%B1%E4%BA%AB%E5%85%B1%E7%94%A8%E6%94%B6%E8%B4%B9%E4%BF%A1%E6%81%AF%E6%B1%87%E6%80%BB%E8%A1%A8.pdf,2026-08-11,verified,容量/名称取自2026年官方公共用房共享共用收费信息汇总表；不表示实时可用状态。
venues.v1.json,south_public_068,canonical_name/capacity,official_web,https://zwc.sysu.edu.cn/article/757,2026-08-11,verified,容量/名称取自2026年官方公共用房共享共用收费信息汇总表；不表示实时可用状态。
venues.v1.json,south_public_069,canonical_name/capacity,official_web,https://zwc.sysu.edu.cn/sites/default/files/2026-01/%E9%99%84%E4%BB%B61.%E4%B8%AD%E5%B1%B1%E5%A4%A7%E5%AD%A6%E5%85%AC%E5%85%B1%E7%94%A8%E6%88%BF%E5%85%B1%E4%BA%AB%E5%85%B1%E7%94%A8%E6%94%B6%E8%B4%B9%E4%BF%A1%E6%81%AF%E6%B1%87%E6%80%BB%E8%A1%A8.pdf,2026-08-11,verified,容量/名称取自2026年官方公共用房共享共用收费信息汇总表；不表示实时可用状态。
venues.v1.json,south_public_069,canonical_name/capacity,official_web,https://zwc.sysu.edu.cn/article/757,2026-08-11,verified,容量/名称取自2026年官方公共用房共享共用收费信息汇总表；不表示实时可用状态。
venues.v1.json,south_public_070,canonical_name/capacity,official_web,https://zwc.sysu.edu.cn/sites/default/files/2026-01/%E9%99%84%E4%BB%B61.%E4%B8%AD%E5%B1%B1%E5%A4%A7%E5%AD%A6%E5%85%AC%E5%85%B1%E7%94%A8%E6%88%BF%E5%85%B1%E4%BA%AB%E5%85%B1%E7%94%A8%E6%94%B6%E8%B4%B9%E4%BF%A1%E6%81%AF%E6%B1%87%E6%80%BB%E8%A1%A8.pdf,2026-08-11,verified,容量/名称取自2026年官方公共用房共享共用收费信息汇总表；不表示实时可用状态。
venues.v1.json,south_public_070,canonical_name/capacity,official_web,https://zwc.sysu.edu.cn/article/757,2026-08-11,verified,容量/名称取自2026年官方公共用房共享共用收费信息汇总表；不表示实时可用状态。
venues.v1.json,south_public_071,canonical_name/capacity,official_web,https://zwc.sysu.edu.cn/sites/default/files/2026-01/%E9%99%84%E4%BB%B61.%E4%B8%AD%E5%B1%B1%E5%A4%A7%E5%AD%A6%E5%85%AC%E5%85%B1%E7%94%A8%E6%88%BF%E5%85%B1%E4%BA%AB%E5%85%B1%E7%94%A8%E6%94%B6%E8%B4%B9%E4%BF%A1%E6%81%AF%E6%B1%87%E6%80%BB%E8%A1%A8.pdf,2026-08-11,verified,容量/名称取自2026年官方公共用房共享共用收费信息汇总表；不表示实时可用状态。
venues.v1.json,south_public_071,canonical_name/capacity,official_web,https://zwc.sysu.edu.cn/article/757,2026-08-11,verified,容量/名称取自2026年官方公共用房共享共用收费信息汇总表；不表示实时可用状态。
venues.v1.json,south_public_072,canonical_name/capacity,official_web,https://zwc.sysu.edu.cn/sites/default/files/2026-01/%E9%99%84%E4%BB%B61.%E4%B8%AD%E5%B1%B1%E5%A4%A7%E5%AD%A6%E5%85%AC%E5%85%B1%E7%94%A8%E6%88%BF%E5%85%B1%E4%BA%AB%E5%85%B1%E7%94%A8%E6%94%B6%E8%B4%B9%E4%BF%A1%E6%81%AF%E6%B1%87%E6%80%BB%E8%A1%A8.pdf,2026-08-11,verified,容量/名称取自2026年官方公共用房共享共用收费信息汇总表；不表示实时可用状态。
venues.v1.json,south_public_072,canonical_name/capacity,official_web,https://zwc.sysu.edu.cn/article/757,2026-08-11,verified,容量/名称取自2026年官方公共用房共享共用收费信息汇总表；不表示实时可用状态。
venues.v1.json,south_public_073,canonical_name/capacity,official_web,https://zwc.sysu.edu.cn/sites/default/files/2026-01/%E9%99%84%E4%BB%B61.%E4%B8%AD%E5%B1%B1%E5%A4%A7%E5%AD%A6%E5%85%AC%E5%85%B1%E7%94%A8%E6%88%BF%E5%85%B1%E4%BA%AB%E5%85%B1%E7%94%A8%E6%94%B6%E8%B4%B9%E4%BF%A1%E6%81%AF%E6%B1%87%E6%80%BB%E8%A1%A8.pdf,2026-08-11,verified,容量/名称取自2026年官方公共用房共享共用收费信息汇总表；不表示实时可用状态。
venues.v1.json,south_public_073,canonical_name/capacity,official_web,https://zwc.sysu.edu.cn/article/757,2026-08-11,verified,容量/名称取自2026年官方公共用房共享共用收费信息汇总表；不表示实时可用状态。
venues.v1.json,south_public_074,canonical_name/capacity,official_web,https://zwc.sysu.edu.cn/sites/default/files/2026-01/%E9%99%84%E4%BB%B61.%E4%B8%AD%E5%B1%B1%E5%A4%A7%E5%AD%A6%E5%85%AC%E5%85%B1%E7%94%A8%E6%88%BF%E5%85%B1%E4%BA%AB%E5%85%B1%E7%94%A8%E6%94%B6%E8%B4%B9%E4%BF%A1%E6%81%AF%E6%B1%87%E6%80%BB%E8%A1%A8.pdf,2026-08-11,verified,容量/名称取自2026年官方公共用房共享共用收费信息汇总表；不表示实时可用状态。
venues.v1.json,south_public_074,canonical_name/capacity,official_web,https://zwc.sysu.edu.cn/article/757,2026-08-11,verified,容量/名称取自2026年官方公共用房共享共用收费信息汇总表；不表示实时可用状态。
venues.v1.json,south_public_075,canonical_name/capacity,official_web,https://zwc.sysu.edu.cn/sites/default/files/2026-01/%E9%99%84%E4%BB%B61.%E4%B8%AD%E5%B1%B1%E5%A4%A7%E5%AD%A6%E5%85%AC%E5%85%B1%E7%94%A8%E6%88%BF%E5%85%B1%E4%BA%AB%E5%85%B1%E7%94%A8%E6%94%B6%E8%B4%B9%E4%BF%A1%E6%81%AF%E6%B1%87%E6%80%BB%E8%A1%A8.pdf,2026-08-11,verified,容量/名称取自2026年官方公共用房共享共用收费信息汇总表；不表示实时可用状态。
venues.v1.json,south_public_075,canonical_name/capacity,official_web,https://zwc.sysu.edu.cn/article/757,2026-08-11,verified,容量/名称取自2026年官方公共用房共享共用收费信息汇总表；不表示实时可用状态。
venues.v1.json,south_public_076,canonical_name/capacity,official_web,https://zwc.sysu.edu.cn/sites/default/files/2026-01/%E9%99%84%E4%BB%B61.%E4%B8%AD%E5%B1%B1%E5%A4%A7%E5%AD%A6%E5%85%AC%E5%85%B1%E7%94%A8%E6%88%BF%E5%85%B1%E4%BA%AB%E5%85%B1%E7%94%A8%E6%94%B6%E8%B4%B9%E4%BF%A1%E6%81%AF%E6%B1%87%E6%80%BB%E8%A1%A8.pdf,2026-08-11,verified,容量/名称取自2026年官方公共用房共享共用收费信息汇总表；不表示实时可用状态。
venues.v1.json,south_public_076,canonical_name/capacity,official_web,https://zwc.sysu.edu.cn/article/757,2026-08-11,verified,容量/名称取自2026年官方公共用房共享共用收费信息汇总表；不表示实时可用状态。
venues.v1.json,south_public_077,canonical_name/capacity,official_web,https://zwc.sysu.edu.cn/sites/default/files/2026-01/%E9%99%84%E4%BB%B61.%E4%B8%AD%E5%B1%B1%E5%A4%A7%E5%AD%A6%E5%85%AC%E5%85%B1%E7%94%A8%E6%88%BF%E5%85%B1%E4%BA%AB%E5%85%B1%E7%94%A8%E6%94%B6%E8%B4%B9%E4%BF%A1%E6%81%AF%E6%B1%87%E6%80%BB%E8%A1%A8.pdf,2026-08-11,verified,容量/名称取自2026年官方公共用房共享共用收费信息汇总表；不表示实时可用状态。
venues.v1.json,south_public_077,canonical_name/capacity,official_web,https://zwc.sysu.edu.cn/article/757,2026-08-11,verified,容量/名称取自2026年官方公共用房共享共用收费信息汇总表；不表示实时可用状态。
venues.v1.json,south_public_078,canonical_name/capacity,official_web,https://zwc.sysu.edu.cn/sites/default/files/2026-01/%E9%99%84%E4%BB%B61.%E4%B8%AD%E5%B1%B1%E5%A4%A7%E5%AD%A6%E5%85%AC%E5%85%B1%E7%94%A8%E6%88%BF%E5%85%B1%E4%BA%AB%E5%85%B1%E7%94%A8%E6%94%B6%E8%B4%B9%E4%BF%A1%E6%81%AF%E6%B1%87%E6%80%BB%E8%A1%A8.pdf,2026-08-11,verified,容量/名称取自2026年官方公共用房共享共用收费信息汇总表；不表示实时可用状态。
venues.v1.json,south_public_078,canonical_name/capacity,official_web,https://zwc.sysu.edu.cn/article/757,2026-08-11,verified,容量/名称取自2026年官方公共用房共享共用收费信息汇总表；不表示实时可用状态。
venues.v1.json,south_public_079,canonical_name/capacity,official_web,https://zwc.sysu.edu.cn/sites/default/files/2026-01/%E9%99%84%E4%BB%B61.%E4%B8%AD%E5%B1%B1%E5%A4%A7%E5%AD%A6%E5%85%AC%E5%85%B1%E7%94%A8%E6%88%BF%E5%85%B1%E4%BA%AB%E5%85%B1%E7%94%A8%E6%94%B6%E8%B4%B9%E4%BF%A1%E6%81%AF%E6%B1%87%E6%80%BB%E8%A1%A8.pdf,2026-08-11,verified,容量/名称取自2026年官方公共用房共享共用收费信息汇总表；不表示实时可用状态。
venues.v1.json,south_public_079,canonical_name/capacity,official_web,https://zwc.sysu.edu.cn/article/757,2026-08-11,verified,容量/名称取自2026年官方公共用房共享共用收费信息汇总表；不表示实时可用状态。
venues.v1.json,south_public_080,canonical_name/capacity,official_web,https://zwc.sysu.edu.cn/sites/default/files/2026-01/%E9%99%84%E4%BB%B61.%E4%B8%AD%E5%B1%B1%E5%A4%A7%E5%AD%A6%E5%85%AC%E5%85%B1%E7%94%A8%E6%88%BF%E5%85%B1%E4%BA%AB%E5%85%B1%E7%94%A8%E6%94%B6%E8%B4%B9%E4%BF%A1%E6%81%AF%E6%B1%87%E6%80%BB%E8%A1%A8.pdf,2026-08-11,verified,容量/名称取自2026年官方公共用房共享共用收费信息汇总表；不表示实时可用状态。
venues.v1.json,south_public_080,canonical_name/capacity,official_web,https://zwc.sysu.edu.cn/article/757,2026-08-11,verified,容量/名称取自2026年官方公共用房共享共用收费信息汇总表；不表示实时可用状态。
venues.v1.json,south_public_081,canonical_name/capacity,official_web,https://zwc.sysu.edu.cn/sites/default/files/2026-01/%E9%99%84%E4%BB%B61.%E4%B8%AD%E5%B1%B1%E5%A4%A7%E5%AD%A6%E5%85%AC%E5%85%B1%E7%94%A8%E6%88%BF%E5%85%B1%E4%BA%AB%E5%85%B1%E7%94%A8%E6%94%B6%E8%B4%B9%E4%BF%A1%E6%81%AF%E6%B1%87%E6%80%BB%E8%A1%A8.pdf,2026-08-11,verified,容量/名称取自2026年官方公共用房共享共用收费信息汇总表；不表示实时可用状态。
venues.v1.json,south_public_081,canonical_name/capacity,official_web,https://zwc.sysu.edu.cn/article/757,2026-08-11,verified,容量/名称取自2026年官方公共用房共享共用收费信息汇总表；不表示实时可用状态。
venues.v1.json,south_public_082,canonical_name/capacity,official_web,https://zwc.sysu.edu.cn/sites/default/files/2026-01/%E9%99%84%E4%BB%B61.%E4%B8%AD%E5%B1%B1%E5%A4%A7%E5%AD%A6%E5%85%AC%E5%85%B1%E7%94%A8%E6%88%BF%E5%85%B1%E4%BA%AB%E5%85%B1%E7%94%A8%E6%94%B6%E8%B4%B9%E4%BF%A1%E6%81%AF%E6%B1%87%E6%80%BB%E8%A1%A8.pdf,2026-08-11,verified,容量/名称取自2026年官方公共用房共享共用收费信息汇总表；不表示实时可用状态。
venues.v1.json,south_public_082,canonical_name/capacity,official_web,https://zwc.sysu.edu.cn/article/757,2026-08-11,verified,容量/名称取自2026年官方公共用房共享共用收费信息汇总表；不表示实时可用状态。
venues.v1.json,south_public_083,canonical_name/capacity,official_web,https://zwc.sysu.edu.cn/sites/default/files/2026-01/%E9%99%84%E4%BB%B61.%E4%B8%AD%E5%B1%B1%E5%A4%A7%E5%AD%A6%E5%85%AC%E5%85%B1%E7%94%A8%E6%88%BF%E5%85%B1%E4%BA%AB%E5%85%B1%E7%94%A8%E6%94%B6%E8%B4%B9%E4%BF%A1%E6%81%AF%E6%B1%87%E6%80%BB%E8%A1%A8.pdf,2026-08-11,verified,容量/名称取自2026年官方公共用房共享共用收费信息汇总表；不表示实时可用状态。
venues.v1.json,south_public_083,canonical_name/capacity,official_web,https://zwc.sysu.edu.cn/article/757,2026-08-11,verified,容量/名称取自2026年官方公共用房共享共用收费信息汇总表；不表示实时可用状态。
venues.v1.json,south_public_084,canonical_name/capacity,official_web,https://zwc.sysu.edu.cn/sites/default/files/2026-01/%E9%99%84%E4%BB%B61.%E4%B8%AD%E5%B1%B1%E5%A4%A7%E5%AD%A6%E5%85%AC%E5%85%B1%E7%94%A8%E6%88%BF%E5%85%B1%E4%BA%AB%E5%85%B1%E7%94%A8%E6%94%B6%E8%B4%B9%E4%BF%A1%E6%81%AF%E6%B1%87%E6%80%BB%E8%A1%A8.pdf,2026-08-11,verified,容量/名称取自2026年官方公共用房共享共用收费信息汇总表；不表示实时可用状态。
venues.v1.json,south_public_084,canonical_name/capacity,official_web,https://zwc.sysu.edu.cn/article/757,2026-08-11,verified,容量/名称取自2026年官方公共用房共享共用收费信息汇总表；不表示实时可用状态。
venues.v1.json,south_public_085,canonical_name/capacity,official_web,https://zwc.sysu.edu.cn/sites/default/files/2026-01/%E9%99%84%E4%BB%B61.%E4%B8%AD%E5%B1%B1%E5%A4%A7%E5%AD%A6%E5%85%AC%E5%85%B1%E7%94%A8%E6%88%BF%E5%85%B1%E4%BA%AB%E5%85%B1%E7%94%A8%E6%94%B6%E8%B4%B9%E4%BF%A1%E6%81%AF%E6%B1%87%E6%80%BB%E8%A1%A8.pdf,2026-08-11,verified,容量/名称取自2026年官方公共用房共享共用收费信息汇总表；不表示实时可用状态。
venues.v1.json,south_public_085,canonical_name/capacity,official_web,https://zwc.sysu.edu.cn/article/757,2026-08-11,verified,容量/名称取自2026年官方公共用房共享共用收费信息汇总表；不表示实时可用状态。
venues.v1.json,south_public_086,canonical_name/capacity,official_web,https://zwc.sysu.edu.cn/sites/default/files/2026-01/%E9%99%84%E4%BB%B61.%E4%B8%AD%E5%B1%B1%E5%A4%A7%E5%AD%A6%E5%85%AC%E5%85%B1%E7%94%A8%E6%88%BF%E5%85%B1%E4%BA%AB%E5%85%B1%E7%94%A8%E6%94%B6%E8%B4%B9%E4%BF%A1%E6%81%AF%E6%B1%87%E6%80%BB%E8%A1%A8.pdf,2026-08-11,verified,容量/名称取自2026年官方公共用房共享共用收费信息汇总表；不表示实时可用状态。
venues.v1.json,south_public_086,canonical_name/capacity,official_web,https://zwc.sysu.edu.cn/article/757,2026-08-11,verified,容量/名称取自2026年官方公共用房共享共用收费信息汇总表；不表示实时可用状态。
venues.v1.json,south_public_087,canonical_name/capacity,official_web,https://zwc.sysu.edu.cn/sites/default/files/2026-01/%E9%99%84%E4%BB%B61.%E4%B8%AD%E5%B1%B1%E5%A4%A7%E5%AD%A6%E5%85%AC%E5%85%B1%E7%94%A8%E6%88%BF%E5%85%B1%E4%BA%AB%E5%85%B1%E7%94%A8%E6%94%B6%E8%B4%B9%E4%BF%A1%E6%81%AF%E6%B1%87%E6%80%BB%E8%A1%A8.pdf,2026-08-11,verified,容量/名称取自2026年官方公共用房共享共用收费信息汇总表；不表示实时可用状态。
venues.v1.json,south_public_087,canonical_name/capacity,official_web,https://zwc.sysu.edu.cn/article/757,2026-08-11,verified,容量/名称取自2026年官方公共用房共享共用收费信息汇总表；不表示实时可用状态。
venues.v1.json,south_public_088,canonical_name/capacity,official_web,https://zwc.sysu.edu.cn/sites/default/files/2026-01/%E9%99%84%E4%BB%B61.%E4%B8%AD%E5%B1%B1%E5%A4%A7%E5%AD%A6%E5%85%AC%E5%85%B1%E7%94%A8%E6%88%BF%E5%85%B1%E4%BA%AB%E5%85%B1%E7%94%A8%E6%94%B6%E8%B4%B9%E4%BF%A1%E6%81%AF%E6%B1%87%E6%80%BB%E8%A1%A8.pdf,2026-08-11,verified,容量/名称取自2026年官方公共用房共享共用收费信息汇总表；不表示实时可用状态。
venues.v1.json,south_public_088,canonical_name/capacity,official_web,https://zwc.sysu.edu.cn/article/757,2026-08-11,verified,容量/名称取自2026年官方公共用房共享共用收费信息汇总表；不表示实时可用状态。
venues.v1.json,south_public_089,canonical_name/capacity,official_web,https://zwc.sysu.edu.cn/sites/default/files/2026-01/%E9%99%84%E4%BB%B61.%E4%B8%AD%E5%B1%B1%E5%A4%A7%E5%AD%A6%E5%85%AC%E5%85%B1%E7%94%A8%E6%88%BF%E5%85%B1%E4%BA%AB%E5%85%B1%E7%94%A8%E6%94%B6%E8%B4%B9%E4%BF%A1%E6%81%AF%E6%B1%87%E6%80%BB%E8%A1%A8.pdf,2026-08-11,verified,容量/名称取自2026年官方公共用房共享共用收费信息汇总表；不表示实时可用状态。
venues.v1.json,south_public_089,canonical_name/capacity,official_web,https://zwc.sysu.edu.cn/article/757,2026-08-11,verified,容量/名称取自2026年官方公共用房共享共用收费信息汇总表；不表示实时可用状态。
venues.v1.json,south_public_090,canonical_name/capacity,official_web,https://zwc.sysu.edu.cn/sites/default/files/2026-01/%E9%99%84%E4%BB%B61.%E4%B8%AD%E5%B1%B1%E5%A4%A7%E5%AD%A6%E5%85%AC%E5%85%B1%E7%94%A8%E6%88%BF%E5%85%B1%E4%BA%AB%E5%85%B1%E7%94%A8%E6%94%B6%E8%B4%B9%E4%BF%A1%E6%81%AF%E6%B1%87%E6%80%BB%E8%A1%A8.pdf,2026-08-11,verified,容量/名称取自2026年官方公共用房共享共用收费信息汇总表；不表示实时可用状态。
venues.v1.json,south_public_090,canonical_name/capacity,official_web,https://zwc.sysu.edu.cn/article/757,2026-08-11,verified,容量/名称取自2026年官方公共用房共享共用收费信息汇总表；不表示实时可用状态。
venues.v1.json,south_public_091,canonical_name/capacity,official_web,https://zwc.sysu.edu.cn/sites/default/files/2026-01/%E9%99%84%E4%BB%B61.%E4%B8%AD%E5%B1%B1%E5%A4%A7%E5%AD%A6%E5%85%AC%E5%85%B1%E7%94%A8%E6%88%BF%E5%85%B1%E4%BA%AB%E5%85%B1%E7%94%A8%E6%94%B6%E8%B4%B9%E4%BF%A1%E6%81%AF%E6%B1%87%E6%80%BB%E8%A1%A8.pdf,2026-08-11,verified,容量/名称取自2026年官方公共用房共享共用收费信息汇总表；不表示实时可用状态。
venues.v1.json,south_public_091,canonical_name/capacity,official_web,https://zwc.sysu.edu.cn/article/757,2026-08-11,verified,容量/名称取自2026年官方公共用房共享共用收费信息汇总表；不表示实时可用状态。
venues.v1.json,south_public_092,canonical_name/capacity,official_web,https://zwc.sysu.edu.cn/sites/default/files/2026-01/%E9%99%84%E4%BB%B61.%E4%B8%AD%E5%B1%B1%E5%A4%A7%E5%AD%A6%E5%85%AC%E5%85%B1%E7%94%A8%E6%88%BF%E5%85%B1%E4%BA%AB%E5%85%B1%E7%94%A8%E6%94%B6%E8%B4%B9%E4%BF%A1%E6%81%AF%E6%B1%87%E6%80%BB%E8%A1%A8.pdf,2026-08-11,verified,容量/名称取自2026年官方公共用房共享共用收费信息汇总表；不表示实时可用状态。
venues.v1.json,south_public_092,canonical_name/capacity,official_web,https://zwc.sysu.edu.cn/article/757,2026-08-11,verified,容量/名称取自2026年官方公共用房共享共用收费信息汇总表；不表示实时可用状态。
venues.v1.json,south_public_093,canonical_name/capacity,official_web,https://zwc.sysu.edu.cn/sites/default/files/2026-01/%E9%99%84%E4%BB%B61.%E4%B8%AD%E5%B1%B1%E5%A4%A7%E5%AD%A6%E5%85%AC%E5%85%B1%E7%94%A8%E6%88%BF%E5%85%B1%E4%BA%AB%E5%85%B1%E7%94%A8%E6%94%B6%E8%B4%B9%E4%BF%A1%E6%81%AF%E6%B1%87%E6%80%BB%E8%A1%A8.pdf,2026-08-11,verified,容量/名称取自2026年官方公共用房共享共用收费信息汇总表；不表示实时可用状态。
venues.v1.json,south_public_093,canonical_name/capacity,official_web,https://zwc.sysu.edu.cn/article/757,2026-08-11,verified,容量/名称取自2026年官方公共用房共享共用收费信息汇总表；不表示实时可用状态。
venues.v1.json,south_public_094,canonical_name/capacity,official_web,https://zwc.sysu.edu.cn/sites/default/files/2026-01/%E9%99%84%E4%BB%B61.%E4%B8%AD%E5%B1%B1%E5%A4%A7%E5%AD%A6%E5%85%AC%E5%85%B1%E7%94%A8%E6%88%BF%E5%85%B1%E4%BA%AB%E5%85%B1%E7%94%A8%E6%94%B6%E8%B4%B9%E4%BF%A1%E6%81%AF%E6%B1%87%E6%80%BB%E8%A1%A8.pdf,2026-08-11,verified,容量/名称取自2026年官方公共用房共享共用收费信息汇总表；不表示实时可用状态。
venues.v1.json,south_public_094,canonical_name/capacity,official_web,https://zwc.sysu.edu.cn/article/757,2026-08-11,verified,容量/名称取自2026年官方公共用房共享共用收费信息汇总表；不表示实时可用状态。
venues.v1.json,south_public_095,canonical_name/capacity,official_web,https://zwc.sysu.edu.cn/sites/default/files/2026-01/%E9%99%84%E4%BB%B61.%E4%B8%AD%E5%B1%B1%E5%A4%A7%E5%AD%A6%E5%85%AC%E5%85%B1%E7%94%A8%E6%88%BF%E5%85%B1%E4%BA%AB%E5%85%B1%E7%94%A8%E6%94%B6%E8%B4%B9%E4%BF%A1%E6%81%AF%E6%B1%87%E6%80%BB%E8%A1%A8.pdf,2026-08-11,verified,容量/名称取自2026年官方公共用房共享共用收费信息汇总表；不表示实时可用状态。
venues.v1.json,south_public_095,canonical_name/capacity,official_web,https://zwc.sysu.edu.cn/article/757,2026-08-11,verified,容量/名称取自2026年官方公共用房共享共用收费信息汇总表；不表示实时可用状态。
venues.v1.json,south_public_096,canonical_name/capacity,official_web,https://zwc.sysu.edu.cn/sites/default/files/2026-01/%E9%99%84%E4%BB%B61.%E4%B8%AD%E5%B1%B1%E5%A4%A7%E5%AD%A6%E5%85%AC%E5%85%B1%E7%94%A8%E6%88%BF%E5%85%B1%E4%BA%AB%E5%85%B1%E7%94%A8%E6%94%B6%E8%B4%B9%E4%BF%A1%E6%81%AF%E6%B1%87%E6%80%BB%E8%A1%A8.pdf,2026-08-11,verified,容量/名称取自2026年官方公共用房共享共用收费信息汇总表；不表示实时可用状态。
venues.v1.json,south_public_096,canonical_name/capacity,official_web,https://zwc.sysu.edu.cn/article/757,2026-08-11,verified,容量/名称取自2026年官方公共用房共享共用收费信息汇总表；不表示实时可用状态。
venues.v1.json,south_public_097,canonical_name/capacity,official_web,https://zwc.sysu.edu.cn/sites/default/files/2026-01/%E9%99%84%E4%BB%B61.%E4%B8%AD%E5%B1%B1%E5%A4%A7%E5%AD%A6%E5%85%AC%E5%85%B1%E7%94%A8%E6%88%BF%E5%85%B1%E4%BA%AB%E5%85%B1%E7%94%A8%E6%94%B6%E8%B4%B9%E4%BF%A1%E6%81%AF%E6%B1%87%E6%80%BB%E8%A1%A8.pdf,2026-08-11,verified,容量/名称取自2026年官方公共用房共享共用收费信息汇总表；不表示实时可用状态。
venues.v1.json,south_public_097,canonical_name/capacity,official_web,https://zwc.sysu.edu.cn/article/757,2026-08-11,verified,容量/名称取自2026年官方公共用房共享共用收费信息汇总表；不表示实时可用状态。
venues.v1.json,south_public_098,canonical_name/capacity,official_web,https://zwc.sysu.edu.cn/sites/default/files/2026-01/%E9%99%84%E4%BB%B61.%E4%B8%AD%E5%B1%B1%E5%A4%A7%E5%AD%A6%E5%85%AC%E5%85%B1%E7%94%A8%E6%88%BF%E5%85%B1%E4%BA%AB%E5%85%B1%E7%94%A8%E6%94%B6%E8%B4%B9%E4%BF%A1%E6%81%AF%E6%B1%87%E6%80%BB%E8%A1%A8.pdf,2026-08-11,verified,容量/名称取自2026年官方公共用房共享共用收费信息汇总表；不表示实时可用状态。
venues.v1.json,south_public_098,canonical_name/capacity,official_web,https://zwc.sysu.edu.cn/article/757,2026-08-11,verified,容量/名称取自2026年官方公共用房共享共用收费信息汇总表；不表示实时可用状态。
venues.v1.json,south_public_099,canonical_name/capacity,official_web,https://zwc.sysu.edu.cn/sites/default/files/2026-01/%E9%99%84%E4%BB%B61.%E4%B8%AD%E5%B1%B1%E5%A4%A7%E5%AD%A6%E5%85%AC%E5%85%B1%E7%94%A8%E6%88%BF%E5%85%B1%E4%BA%AB%E5%85%B1%E7%94%A8%E6%94%B6%E8%B4%B9%E4%BF%A1%E6%81%AF%E6%B1%87%E6%80%BB%E8%A1%A8.pdf,2026-08-11,verified,容量/名称取自2026年官方公共用房共享共用收费信息汇总表；不表示实时可用状态。
venues.v1.json,south_public_099,canonical_name/capacity,official_web,https://zwc.sysu.edu.cn/article/757,2026-08-11,verified,容量/名称取自2026年官方公共用房共享共用收费信息汇总表；不表示实时可用状态。
venues.v1.json,south_public_100,canonical_name/capacity,official_web,https://zwc.sysu.edu.cn/sites/default/files/2026-01/%E9%99%84%E4%BB%B61.%E4%B8%AD%E5%B1%B1%E5%A4%A7%E5%AD%A6%E5%85%AC%E5%85%B1%E7%94%A8%E6%88%BF%E5%85%B1%E4%BA%AB%E5%85%B1%E7%94%A8%E6%94%B6%E8%B4%B9%E4%BF%A1%E6%81%AF%E6%B1%87%E6%80%BB%E8%A1%A8.pdf,2026-08-11,verified,容量/名称取自2026年官方公共用房共享共用收费信息汇总表；不表示实时可用状态。
venues.v1.json,south_public_100,canonical_name/capacity,official_web,https://zwc.sysu.edu.cn/article/757,2026-08-11,verified,容量/名称取自2026年官方公共用房共享共用收费信息汇总表；不表示实时可用状态。
venues.v1.json,south_public_101,canonical_name/capacity,official_web,https://zwc.sysu.edu.cn/sites/default/files/2026-01/%E9%99%84%E4%BB%B61.%E4%B8%AD%E5%B1%B1%E5%A4%A7%E5%AD%A6%E5%85%AC%E5%85%B1%E7%94%A8%E6%88%BF%E5%85%B1%E4%BA%AB%E5%85%B1%E7%94%A8%E6%94%B6%E8%B4%B9%E4%BF%A1%E6%81%AF%E6%B1%87%E6%80%BB%E8%A1%A8.pdf,2026-08-11,verified,容量/名称取自2026年官方公共用房共享共用收费信息汇总表；不表示实时可用状态。
venues.v1.json,south_public_101,canonical_name/capacity,official_web,https://zwc.sysu.edu.cn/article/757,2026-08-11,verified,容量/名称取自2026年官方公共用房共享共用收费信息汇总表；不表示实时可用状态。
venues.v1.json,south_public_102,canonical_name/capacity,official_web,https://zwc.sysu.edu.cn/sites/default/files/2026-01/%E9%99%84%E4%BB%B61.%E4%B8%AD%E5%B1%B1%E5%A4%A7%E5%AD%A6%E5%85%AC%E5%85%B1%E7%94%A8%E6%88%BF%E5%85%B1%E4%BA%AB%E5%85%B1%E7%94%A8%E6%94%B6%E8%B4%B9%E4%BF%A1%E6%81%AF%E6%B1%87%E6%80%BB%E8%A1%A8.pdf,2026-08-11,verified,容量/名称取自2026年官方公共用房共享共用收费信息汇总表；不表示实时可用状态。
venues.v1.json,south_public_102,canonical_name/capacity,official_web,https://zwc.sysu.edu.cn/article/757,2026-08-11,verified,容量/名称取自2026年官方公共用房共享共用收费信息汇总表；不表示实时可用状态。
venues.v1.json,south_public_103,canonical_name/capacity,official_web,https://zwc.sysu.edu.cn/sites/default/files/2026-01/%E9%99%84%E4%BB%B61.%E4%B8%AD%E5%B1%B1%E5%A4%A7%E5%AD%A6%E5%85%AC%E5%85%B1%E7%94%A8%E6%88%BF%E5%85%B1%E4%BA%AB%E5%85%B1%E7%94%A8%E6%94%B6%E8%B4%B9%E4%BF%A1%E6%81%AF%E6%B1%87%E6%80%BB%E8%A1%A8.pdf,2026-08-11,verified,容量/名称取自2026年官方公共用房共享共用收费信息汇总表；不表示实时可用状态。
venues.v1.json,south_public_103,canonical_name/capacity,official_web,https://zwc.sysu.edu.cn/article/757,2026-08-11,verified,容量/名称取自2026年官方公共用房共享共用收费信息汇总表；不表示实时可用状态。
venues.v1.json,south_public_104,canonical_name/capacity,official_web,https://zwc.sysu.edu.cn/sites/default/files/2026-01/%E9%99%84%E4%BB%B61.%E4%B8%AD%E5%B1%B1%E5%A4%A7%E5%AD%A6%E5%85%AC%E5%85%B1%E7%94%A8%E6%88%BF%E5%85%B1%E4%BA%AB%E5%85%B1%E7%94%A8%E6%94%B6%E8%B4%B9%E4%BF%A1%E6%81%AF%E6%B1%87%E6%80%BB%E8%A1%A8.pdf,2026-08-11,verified,容量/名称取自2026年官方公共用房共享共用收费信息汇总表；不表示实时可用状态。
venues.v1.json,south_public_104,canonical_name/capacity,official_web,https://zwc.sysu.edu.cn/article/757,2026-08-11,verified,容量/名称取自2026年官方公共用房共享共用收费信息汇总表；不表示实时可用状态。
venues.v1.json,south_public_105,canonical_name/capacity,official_web,https://zwc.sysu.edu.cn/sites/default/files/2026-01/%E9%99%84%E4%BB%B61.%E4%B8%AD%E5%B1%B1%E5%A4%A7%E5%AD%A6%E5%85%AC%E5%85%B1%E7%94%A8%E6%88%BF%E5%85%B1%E4%BA%AB%E5%85%B1%E7%94%A8%E6%94%B6%E8%B4%B9%E4%BF%A1%E6%81%AF%E6%B1%87%E6%80%BB%E8%A1%A8.pdf,2026-08-11,verified,容量/名称取自2026年官方公共用房共享共用收费信息汇总表；不表示实时可用状态。
venues.v1.json,south_public_105,canonical_name/capacity,official_web,https://zwc.sysu.edu.cn/article/757,2026-08-11,verified,容量/名称取自2026年官方公共用房共享共用收费信息汇总表；不表示实时可用状态。
venues.v1.json,south_public_106,canonical_name/capacity,official_web,https://zwc.sysu.edu.cn/sites/default/files/2026-01/%E9%99%84%E4%BB%B61.%E4%B8%AD%E5%B1%B1%E5%A4%A7%E5%AD%A6%E5%85%AC%E5%85%B1%E7%94%A8%E6%88%BF%E5%85%B1%E4%BA%AB%E5%85%B1%E7%94%A8%E6%94%B6%E8%B4%B9%E4%BF%A1%E6%81%AF%E6%B1%87%E6%80%BB%E8%A1%A8.pdf,2026-08-11,verified,容量/名称取自2026年官方公共用房共享共用收费信息汇总表；不表示实时可用状态。
venues.v1.json,south_public_106,canonical_name/capacity,official_web,https://zwc.sysu.edu.cn/article/757,2026-08-11,verified,容量/名称取自2026年官方公共用房共享共用收费信息汇总表；不表示实时可用状态。
venues.v1.json,south_public_107,canonical_name/capacity,official_web,https://zwc.sysu.edu.cn/sites/default/files/2026-01/%E9%99%84%E4%BB%B61.%E4%B8%AD%E5%B1%B1%E5%A4%A7%E5%AD%A6%E5%85%AC%E5%85%B1%E7%94%A8%E6%88%BF%E5%85%B1%E4%BA%AB%E5%85%B1%E7%94%A8%E6%94%B6%E8%B4%B9%E4%BF%A1%E6%81%AF%E6%B1%87%E6%80%BB%E8%A1%A8.pdf,2026-08-11,verified,容量/名称取自2026年官方公共用房共享共用收费信息汇总表；不表示实时可用状态。
venues.v1.json,south_public_107,canonical_name/capacity,official_web,https://zwc.sysu.edu.cn/article/757,2026-08-11,verified,容量/名称取自2026年官方公共用房共享共用收费信息汇总表；不表示实时可用状态。
venues.v1.json,south_public_108,canonical_name/capacity,official_web,https://zwc.sysu.edu.cn/sites/default/files/2026-01/%E9%99%84%E4%BB%B61.%E4%B8%AD%E5%B1%B1%E5%A4%A7%E5%AD%A6%E5%85%AC%E5%85%B1%E7%94%A8%E6%88%BF%E5%85%B1%E4%BA%AB%E5%85%B1%E7%94%A8%E6%94%B6%E8%B4%B9%E4%BF%A1%E6%81%AF%E6%B1%87%E6%80%BB%E8%A1%A8.pdf,2026-08-11,verified,容量/名称取自2026年官方公共用房共享共用收费信息汇总表；不表示实时可用状态。
venues.v1.json,south_public_108,canonical_name/capacity,official_web,https://zwc.sysu.edu.cn/article/757,2026-08-11,verified,容量/名称取自2026年官方公共用房共享共用收费信息汇总表；不表示实时可用状态。
venues.v1.json,south_public_109,canonical_name/capacity,official_web,https://zwc.sysu.edu.cn/sites/default/files/2026-01/%E9%99%84%E4%BB%B61.%E4%B8%AD%E5%B1%B1%E5%A4%A7%E5%AD%A6%E5%85%AC%E5%85%B1%E7%94%A8%E6%88%BF%E5%85%B1%E4%BA%AB%E5%85%B1%E7%94%A8%E6%94%B6%E8%B4%B9%E4%BF%A1%E6%81%AF%E6%B1%87%E6%80%BB%E8%A1%A8.pdf,2026-08-11,verified,容量/名称取自2026年官方公共用房共享共用收费信息汇总表；不表示实时可用状态。
venues.v1.json,south_public_109,canonical_name/capacity,official_web,https://zwc.sysu.edu.cn/article/757,2026-08-11,verified,容量/名称取自2026年官方公共用房共享共用收费信息汇总表；不表示实时可用状态。
venues.v1.json,south_public_110,canonical_name/capacity,official_web,https://zwc.sysu.edu.cn/sites/default/files/2026-01/%E9%99%84%E4%BB%B61.%E4%B8%AD%E5%B1%B1%E5%A4%A7%E5%AD%A6%E5%85%AC%E5%85%B1%E7%94%A8%E6%88%BF%E5%85%B1%E4%BA%AB%E5%85%B1%E7%94%A8%E6%94%B6%E8%B4%B9%E4%BF%A1%E6%81%AF%E6%B1%87%E6%80%BB%E8%A1%A8.pdf,2026-08-11,verified,容量/名称取自2026年官方公共用房共享共用收费信息汇总表；不表示实时可用状态。
venues.v1.json,south_public_110,canonical_name/capacity,official_web,https://zwc.sysu.edu.cn/article/757,2026-08-11,verified,容量/名称取自2026年官方公共用房共享共用收费信息汇总表；不表示实时可用状态。
venues.v1.json,south_public_111,canonical_name/capacity,official_web,https://zwc.sysu.edu.cn/sites/default/files/2026-01/%E9%99%84%E4%BB%B61.%E4%B8%AD%E5%B1%B1%E5%A4%A7%E5%AD%A6%E5%85%AC%E5%85%B1%E7%94%A8%E6%88%BF%E5%85%B1%E4%BA%AB%E5%85%B1%E7%94%A8%E6%94%B6%E8%B4%B9%E4%BF%A1%E6%81%AF%E6%B1%87%E6%80%BB%E8%A1%A8.pdf,2026-08-11,verified,容量/名称取自2026年官方公共用房共享共用收费信息汇总表；不表示实时可用状态。
venues.v1.json,south_public_111,canonical_name/capacity,official_web,https://zwc.sysu.edu.cn/article/757,2026-08-11,verified,容量/名称取自2026年官方公共用房共享共用收费信息汇总表；不表示实时可用状态。
venues.v1.json,south_public_112,canonical_name/capacity,official_web,https://zwc.sysu.edu.cn/sites/default/files/2026-01/%E9%99%84%E4%BB%B61.%E4%B8%AD%E5%B1%B1%E5%A4%A7%E5%AD%A6%E5%85%AC%E5%85%B1%E7%94%A8%E6%88%BF%E5%85%B1%E4%BA%AB%E5%85%B1%E7%94%A8%E6%94%B6%E8%B4%B9%E4%BF%A1%E6%81%AF%E6%B1%87%E6%80%BB%E8%A1%A8.pdf,2026-08-11,verified,容量/名称取自2026年官方公共用房共享共用收费信息汇总表；不表示实时可用状态。
venues.v1.json,south_public_112,canonical_name/capacity,official_web,https://zwc.sysu.edu.cn/article/757,2026-08-11,verified,容量/名称取自2026年官方公共用房共享共用收费信息汇总表；不表示实时可用状态。
venues.v1.json,south_public_113,canonical_name/capacity,official_web,https://zwc.sysu.edu.cn/sites/default/files/2026-01/%E9%99%84%E4%BB%B61.%E4%B8%AD%E5%B1%B1%E5%A4%A7%E5%AD%A6%E5%85%AC%E5%85%B1%E7%94%A8%E6%88%BF%E5%85%B1%E4%BA%AB%E5%85%B1%E7%94%A8%E6%94%B6%E8%B4%B9%E4%BF%A1%E6%81%AF%E6%B1%87%E6%80%BB%E8%A1%A8.pdf,2026-08-11,verified,容量/名称取自2026年官方公共用房共享共用收费信息汇总表；不表示实时可用状态。
venues.v1.json,south_public_113,canonical_name/capacity,official_web,https://zwc.sysu.edu.cn/article/757,2026-08-11,verified,容量/名称取自2026年官方公共用房共享共用收费信息汇总表；不表示实时可用状态。
venues.v1.json,south_public_114,canonical_name/capacity,official_web,https://zwc.sysu.edu.cn/sites/default/files/2026-01/%E9%99%84%E4%BB%B61.%E4%B8%AD%E5%B1%B1%E5%A4%A7%E5%AD%A6%E5%85%AC%E5%85%B1%E7%94%A8%E6%88%BF%E5%85%B1%E4%BA%AB%E5%85%B1%E7%94%A8%E6%94%B6%E8%B4%B9%E4%BF%A1%E6%81%AF%E6%B1%87%E6%80%BB%E8%A1%A8.pdf,2026-08-11,verified,容量/名称取自2026年官方公共用房共享共用收费信息汇总表；不表示实时可用状态。
venues.v1.json,south_public_114,canonical_name/capacity,official_web,https://zwc.sysu.edu.cn/article/757,2026-08-11,verified,容量/名称取自2026年官方公共用房共享共用收费信息汇总表；不表示实时可用状态。
venues.v1.json,south_public_115,canonical_name/capacity,official_web,https://zwc.sysu.edu.cn/sites/default/files/2026-01/%E9%99%84%E4%BB%B61.%E4%B8%AD%E5%B1%B1%E5%A4%A7%E5%AD%A6%E5%85%AC%E5%85%B1%E7%94%A8%E6%88%BF%E5%85%B1%E4%BA%AB%E5%85%B1%E7%94%A8%E6%94%B6%E8%B4%B9%E4%BF%A1%E6%81%AF%E6%B1%87%E6%80%BB%E8%A1%A8.pdf,2026-08-11,verified,容量/名称取自2026年官方公共用房共享共用收费信息汇总表；不表示实时可用状态。
venues.v1.json,south_public_115,canonical_name/capacity,official_web,https://zwc.sysu.edu.cn/article/757,2026-08-11,verified,容量/名称取自2026年官方公共用房共享共用收费信息汇总表；不表示实时可用状态。
venues.v1.json,south_public_116,canonical_name/capacity,official_web,https://zwc.sysu.edu.cn/sites/default/files/2026-01/%E9%99%84%E4%BB%B61.%E4%B8%AD%E5%B1%B1%E5%A4%A7%E5%AD%A6%E5%85%AC%E5%85%B1%E7%94%A8%E6%88%BF%E5%85%B1%E4%BA%AB%E5%85%B1%E7%94%A8%E6%94%B6%E8%B4%B9%E4%BF%A1%E6%81%AF%E6%B1%87%E6%80%BB%E8%A1%A8.pdf,2026-08-11,verified,容量/名称取自2026年官方公共用房共享共用收费信息汇总表；不表示实时可用状态。
venues.v1.json,south_public_116,canonical_name/capacity,official_web,https://zwc.sysu.edu.cn/article/757,2026-08-11,verified,容量/名称取自2026年官方公共用房共享共用收费信息汇总表；不表示实时可用状态。
venues.v1.json,south_public_117,canonical_name/capacity,official_web,https://zwc.sysu.edu.cn/sites/default/files/2026-01/%E9%99%84%E4%BB%B61.%E4%B8%AD%E5%B1%B1%E5%A4%A7%E5%AD%A6%E5%85%AC%E5%85%B1%E7%94%A8%E6%88%BF%E5%85%B1%E4%BA%AB%E5%85%B1%E7%94%A8%E6%94%B6%E8%B4%B9%E4%BF%A1%E6%81%AF%E6%B1%87%E6%80%BB%E8%A1%A8.pdf,2026-08-11,verified,容量/名称取自2026年官方公共用房共享共用收费信息汇总表；不表示实时可用状态。
venues.v1.json,south_public_117,canonical_name/capacity,official_web,https://zwc.sysu.edu.cn/article/757,2026-08-11,verified,容量/名称取自2026年官方公共用房共享共用收费信息汇总表；不表示实时可用状态。
venues.v1.json,south_public_118,canonical_name/capacity,official_web,https://zwc.sysu.edu.cn/sites/default/files/2026-01/%E9%99%84%E4%BB%B61.%E4%B8%AD%E5%B1%B1%E5%A4%A7%E5%AD%A6%E5%85%AC%E5%85%B1%E7%94%A8%E6%88%BF%E5%85%B1%E4%BA%AB%E5%85%B1%E7%94%A8%E6%94%B6%E8%B4%B9%E4%BF%A1%E6%81%AF%E6%B1%87%E6%80%BB%E8%A1%A8.pdf,2026-08-11,verified,容量/名称取自2026年官方公共用房共享共用收费信息汇总表；不表示实时可用状态。
venues.v1.json,south_public_118,canonical_name/capacity,official_web,https://zwc.sysu.edu.cn/article/757,2026-08-11,verified,容量/名称取自2026年官方公共用房共享共用收费信息汇总表；不表示实时可用状态。
venues.v1.json,south_public_119,canonical_name/capacity,official_web,https://zwc.sysu.edu.cn/sites/default/files/2026-01/%E9%99%84%E4%BB%B61.%E4%B8%AD%E5%B1%B1%E5%A4%A7%E5%AD%A6%E5%85%AC%E5%85%B1%E7%94%A8%E6%88%BF%E5%85%B1%E4%BA%AB%E5%85%B1%E7%94%A8%E6%94%B6%E8%B4%B9%E4%BF%A1%E6%81%AF%E6%B1%87%E6%80%BB%E8%A1%A8.pdf,2026-08-11,verified,容量/名称取自2026年官方公共用房共享共用收费信息汇总表；不表示实时可用状态。
venues.v1.json,south_public_119,canonical_name/capacity,official_web,https://zwc.sysu.edu.cn/article/757,2026-08-11,verified,容量/名称取自2026年官方公共用房共享共用收费信息汇总表；不表示实时可用状态。
venues.v1.json,south_public_120,canonical_name/capacity,official_web,https://zwc.sysu.edu.cn/sites/default/files/2026-01/%E9%99%84%E4%BB%B61.%E4%B8%AD%E5%B1%B1%E5%A4%A7%E5%AD%A6%E5%85%AC%E5%85%B1%E7%94%A8%E6%88%BF%E5%85%B1%E4%BA%AB%E5%85%B1%E7%94%A8%E6%94%B6%E8%B4%B9%E4%BF%A1%E6%81%AF%E6%B1%87%E6%80%BB%E8%A1%A8.pdf,2026-08-11,verified,容量/名称取自2026年官方公共用房共享共用收费信息汇总表；不表示实时可用状态。
venues.v1.json,south_public_120,canonical_name/capacity,official_web,https://zwc.sysu.edu.cn/article/757,2026-08-11,verified,容量/名称取自2026年官方公共用房共享共用收费信息汇总表；不表示实时可用状态。
venues.v1.json,south_public_121,canonical_name/capacity,official_web,https://zwc.sysu.edu.cn/sites/default/files/2026-01/%E9%99%84%E4%BB%B61.%E4%B8%AD%E5%B1%B1%E5%A4%A7%E5%AD%A6%E5%85%AC%E5%85%B1%E7%94%A8%E6%88%BF%E5%85%B1%E4%BA%AB%E5%85%B1%E7%94%A8%E6%94%B6%E8%B4%B9%E4%BF%A1%E6%81%AF%E6%B1%87%E6%80%BB%E8%A1%A8.pdf,2026-08-11,verified,容量/名称取自2026年官方公共用房共享共用收费信息汇总表；不表示实时可用状态。
venues.v1.json,south_public_121,canonical_name/capacity,official_web,https://zwc.sysu.edu.cn/article/757,2026-08-11,verified,容量/名称取自2026年官方公共用房共享共用收费信息汇总表；不表示实时可用状态。
venues.v1.json,south_public_122,canonical_name/capacity,official_web,https://zwc.sysu.edu.cn/sites/default/files/2026-01/%E9%99%84%E4%BB%B61.%E4%B8%AD%E5%B1%B1%E5%A4%A7%E5%AD%A6%E5%85%AC%E5%85%B1%E7%94%A8%E6%88%BF%E5%85%B1%E4%BA%AB%E5%85%B1%E7%94%A8%E6%94%B6%E8%B4%B9%E4%BF%A1%E6%81%AF%E6%B1%87%E6%80%BB%E8%A1%A8.pdf,2026-08-11,verified,容量/名称取自2026年官方公共用房共享共用收费信息汇总表；不表示实时可用状态。
venues.v1.json,south_public_122,canonical_name/capacity,official_web,https://zwc.sysu.edu.cn/article/757,2026-08-11,verified,容量/名称取自2026年官方公共用房共享共用收费信息汇总表；不表示实时可用状态。
venues.v1.json,south_public_123,canonical_name/capacity,official_web,https://zwc.sysu.edu.cn/sites/default/files/2026-01/%E9%99%84%E4%BB%B61.%E4%B8%AD%E5%B1%B1%E5%A4%A7%E5%AD%A6%E5%85%AC%E5%85%B1%E7%94%A8%E6%88%BF%E5%85%B1%E4%BA%AB%E5%85%B1%E7%94%A8%E6%94%B6%E8%B4%B9%E4%BF%A1%E6%81%AF%E6%B1%87%E6%80%BB%E8%A1%A8.pdf,2026-08-11,verified,容量/名称取自2026年官方公共用房共享共用收费信息汇总表；不表示实时可用状态。
venues.v1.json,south_public_123,canonical_name/capacity,official_web,https://zwc.sysu.edu.cn/article/757,2026-08-11,verified,容量/名称取自2026年官方公共用房共享共用收费信息汇总表；不表示实时可用状态。
venues.v1.json,south_sports_001,canonical_name/capacity,official_web,https://tiyu.sysu.edu.cn/about/history,2026-08-11,verified,官方场馆目录；未写入日期级空闲结果。
venues.v1.json,south_sports_001,canonical_name/capacity,official_web,https://ce.sysu.edu.cn/zh-hans/article/1215,2026-08-11,verified,官方场馆目录；未写入日期级空闲结果。
venues.v1.json,south_sports_002,canonical_name/capacity,official_web,https://tiyu.sysu.edu.cn/about/history,2026-08-11,verified,官方场馆目录；未写入日期级空闲结果。
venues.v1.json,south_sports_002,canonical_name/capacity,official_web,https://ce.sysu.edu.cn/zh-hans/article/1215,2026-08-11,verified,官方场馆目录；未写入日期级空闲结果。
venues.v1.json,south_sports_003,canonical_name/capacity,official_web,https://tiyu.sysu.edu.cn/about/history,2026-08-11,verified,官方场馆目录；未写入日期级空闲结果。
venues.v1.json,south_sports_003,canonical_name/capacity,official_web,https://ce.sysu.edu.cn/zh-hans/article/1215,2026-08-11,verified,官方场馆目录；未写入日期级空闲结果。
venues.v1.json,south_sports_004,canonical_name/capacity,official_web,https://tiyu.sysu.edu.cn/about/history,2026-08-11,verified,官方场馆目录；未写入日期级空闲结果。
venues.v1.json,south_sports_004,canonical_name/capacity,official_web,https://ce.sysu.edu.cn/zh-hans/article/1215,2026-08-11,verified,官方场馆目录；未写入日期级空闲结果。
venues.v1.json,south_sports_005,canonical_name/capacity,official_web,https://tiyu.sysu.edu.cn/about/history,2026-08-11,verified,官方场馆目录；未写入日期级空闲结果。
venues.v1.json,south_sports_005,canonical_name/capacity,official_web,https://ce.sysu.edu.cn/zh-hans/article/1215,2026-08-11,verified,官方场馆目录；未写入日期级空闲结果。
venues.v1.json,south_sports_006,canonical_name/capacity,official_web,https://tiyu.sysu.edu.cn/about/history,2026-08-11,verified,官方场馆目录；未写入日期级空闲结果。
venues.v1.json,south_sports_006,canonical_name/capacity,official_web,https://ce.sysu.edu.cn/zh-hans/article/1215,2026-08-11,verified,官方场馆目录；未写入日期级空闲结果。
venues.v1.json,south_sports_006,canonical_name/capacity,official_web,https://tiyu.sysu.edu.cn/node/1927,2026-08-11,verified,官方场馆目录；未写入日期级空闲结果。
venues.v1.json,south_sports_007,canonical_name/capacity,official_web,https://tiyu.sysu.edu.cn/node/1927,2026-08-11,partial,官方场馆目录；未写入日期级空闲结果。
venues.v1.json,south_sports_007,canonical_name/capacity,official_web,https://edf-edaao.sysu.edu.cn/article/489,2026-08-11,partial,官方场馆目录；未写入日期级空闲结果。
venues.v1.json,south_discussion_001,canonical_name/capacity,official_web,https://jwb.sysu.edu.cn/article/4194,2026-08-11,partial,教务处按学期公布的自习/研讨空间；具体开放时段需随学期通知更新。
venues.v1.json,south_discussion_002,canonical_name/capacity,official_web,https://jwb.sysu.edu.cn/article/4194,2026-08-11,partial,教务处按学期公布的自习/研讨空间；具体开放时段需随学期通知更新。
venues.v1.json,south_discussion_003,canonical_name/capacity,official_web,https://jwb.sysu.edu.cn/article/4194,2026-08-11,partial,教务处按学期公布的自习/研讨空间；具体开放时段需随学期通知更新。
venues.v1.json,south_discussion_004,canonical_name/capacity,official_web,https://jwb.sysu.edu.cn/article/4194,2026-08-11,partial,教务处按学期公布的自习/研讨空间；具体开放时段需随学期通知更新。
venues.v1.json,south_discussion_005,canonical_name/capacity,official_web,https://jwb.sysu.edu.cn/article/4194,2026-08-11,partial,教务处按学期公布的自习/研讨空间；具体开放时段需随学期通知更新。
venues.v1.json,south_discussion_006,canonical_name/capacity,official_web,https://jwb.sysu.edu.cn/article/4194,2026-08-11,partial,教务处按学期公布的自习/研讨空间；具体开放时段需随学期通知更新。
venues.v1.json,south_discussion_007,canonical_name/capacity,official_web,https://jwb.sysu.edu.cn/article/4194,2026-08-11,partial,教务处按学期公布的自习/研讨空间；具体开放时段需随学期通知更新。
transit_2026_fall.json,campus_bus,routes/scheduled_departures,sysu_anything_cli,sysu-anything bus --bus 1 --json,2026-08-11,verified,从离线班车源清洗，删除运行状态与联系方式。
transit_2026_fall.json,campus_bus,routes/scheduled_departures,sysu_anything_cli,sysu-anything bus --bus 0 --json,2026-08-11,verified,从离线班车源清洗，删除运行状态与联系方式。
transit_2026_fall.json,qiguan,station_keys/routes,sysu_anything_cli,sysu-anything qg routes,2026-08-11,partial,仅保留站点与路线证据，不保留日期级班次字段。
transit_2026_fall.json,qiguan,station_keys/routes,sysu_anything_cli,sysu-anything qg list --today --all --json,2026-08-11,partial,仅保留站点与路线证据，不保留日期级班次字段。
transit_2026_fall.json,guangzhou_south->guangzhou_east,typical_minutes,local_evidence,evidence/user_confirmed_commute_times_2026-08-11.md,2026-08-11,partial,用户确认典型时长为 30 分钟；方向不自动反推。
transit_2026_fall.json,guangzhou_south->guangzhou_north,typical_minutes,local_evidence,evidence/user_confirmed_commute_times_2026-08-11.md,2026-08-11,partial,用户确认典型时长为 30 分钟；方向不自动反推。
transit_2026_fall.json,guangzhou_east->zhuhai,typical_minutes,local_evidence,evidence/user_confirmed_commute_times_2026-08-11.md,2026-08-11,partial,用户确认典型时长为 90 分钟；方向不自动反推。
transit_2026_fall.json,guangzhou_east->shenzhen,typical_minutes,local_evidence,evidence/user_confirmed_commute_times_2026-08-11.md,2026-08-11,partial,用户确认典型时长为 120 分钟；方向不自动反推。
transit_2026_fall.json,guangzhou_south->zhuhai,typical_minutes,local_evidence,evidence/user_confirmed_commute_times_2026-08-11.md,2026-08-11,partial,用户确认典型时长为 120 分钟；方向不自动反推。
transit_2026_fall.json,guangzhou_south->shenzhen,typical_minutes,local_evidence,evidence/user_confirmed_commute_times_2026-08-11.md,2026-08-11,partial,用户确认典型时长为 150 分钟；方向不自动反推。
academic_calendar_2026_2027.json,2026-2027-fall,term_dates/holidays,official_web,https://www.sysu.edu.cn/images/xl2026-2027-01.jpg,2026-08-11,verified,官方校历与正式通知。
academic_calendar_2026_2027.json,2026-2027-fall,term_dates/holidays,official_web,https://www.sysu.edu.cn/index/xl.htm,2026-08-11,verified,官方校历与正式通知。
academic_calendar_2026_2027.json,2026-2027-fall,term_dates/holidays,official_web,https://zwc.sysu.edu.cn/article/926,2026-08-11,verified,官方校历与正式通知。
section_times_2026_fall.json,global,sections,sysu_anything_cli,sysu-anything jwxt section-times --school-year 2026-1 --json,2026-08-11,verified,标准第1-11节时间一致。
section_times_2026_fall.json,global,sections,sysu_anything_cli,sysu-anything usc classroom sections --json,2026-08-11,verified,标准第1-11节时间一致。
evidence/cli_inventory.md,gym_live_inventory,probe_result,sysu_anything_cli,sysu-anything gym profile,2026-08-11,partial,读取检查失败，未写入动态场地参数。
evidence/cli_inventory.md,libic_room_inventory,probe_result,sysu_anything_cli,sysu-anything libic room-types --json,2026-08-11,partial,站点启动响应非JSON，未写入房间参数。
evidence/cli_inventory.md,usc_meeting_south,probe_result,sysu_anything_cli,sysu-anything usc meeting venues --campus 南校园 --json,2026-08-11,partial,返回空列表，未构造南校园会议场地。
evidence/cli_inventory.md,usc_classroom_south,probe_result,sysu_anything_cli,sysu-anything usc classroom rooms --campus 南校园 --date 2026-08-11 --section-start 1 --section-end 2 --json,2026-08-11,partial,返回CODE_ERROR，未构造南校园动态课室。
evidence/cli_inventory.md,usc_activity_rooms,probe_result,sysu_anything_cli,sysu-anything usc activity rooms --json,2026-08-11,partial,返回结果仅含东校园/深圳场地，南校园不补造。
